Keyword,Position,Previous position,Search Volume,Keyword Difficulty,CPC,URL,Traffic,Traffic (%),Traffic Cost,Competition,Number of Results,Trends,Timestamp,SERP Features by Keyword,Keyword Intents,Position Type
testosterone base,4,4,6600,29,2.04,https://steroids-uk.com/blog/testosterone-base-vs-testosterone-suspension-explained/,231,7.31,471.00,0.33,108,"1, 0, 7, 0, 0, 0, 81, 100, 29, 100, 10, 81",2026-09-05,"Video, Image, People also ask, Related searches, AI overview",informational,Organic
uk steroids shop,3,3,1600,28,1.27,https://steroids-uk.com/product-category/injectable/,131,4.15,166.00,0.02,9530000,"36, 36, 54, 22, 29, 54, 36, 16, 29, 43, 29, 54",2026-07-31,,commercial,Organic
test 400,3,3,1600,13,1.30,https://steroids-uk.com/blog/test-400/,70,2.21,91.00,0.25,107,"100, 100, 84, 84, 84, 84, 52, 100, 68, 100, 84, 84",2026-08-17,"Video, People also ask, Related searches, AI overview",informational,Organic
testosterone 400,1,1,260,5,1.30,https://steroids-uk.com/shop/tri-test-400-spharmaqo-labs/,64,2.02,83.00,0.25,104,"20, 30, 45, 6, 8, 16, 20, 8, 6, 10, 24, 10",2026-07-30,"People also ask, Popular products, Related searches",informational,Organic
testosterone base,1,1,6600,29,2.04,https://steroids-uk.com/blog/testosterone-base-vs-testosterone-suspension-explained/,34,1.07,69.00,0.33,108,"1, 0, 7, 0, 0, 0, 81, 100, 29, 100, 10, 81",2026-09-05,"Video, Image, People also ask, Related searches, AI overview",informational,AI overview
buy clenbuterol,2,2,260,9,1.28,https://steroids-uk.com/product-category/clenbuterol/,34,1.07,43.00,0.22,69,"5, 10, 10, 8, 5, 3, 3, 3, 2, 7, 7, 7",2026-09-02,Related searches,transactional,Organic
tri test 400,1,1,210,7,0.00,https://steroids-uk.com/shop/tri-test-400-spharmaqo-labs/,27,0.85,0.00,0.04,106,"65, 65, 43, 81, 65, 65, 43, 81, 65, 65, 81, 53",2026-08-18,"Video, People also ask, Related searches, AI overview",informational,Organic
steroids uk hcg,1,1,110,28,0.00,https://steroids-uk.com/product-category/hcg/,27,0.85,0.00,0.33,75,"2, 2, 2, 2, 2, 2, 100, 2, 2, 15, 15, 10",2026-09-09,Related searches,commercial,Organic
anavar for sale,9,9,1000,22,0.93,https://steroids-uk.com/product-category/anavar/,24,0.76,22.00,0.01,588000,"62, 62, 62, 100, 81, 62, 45, 62, 62, 81, 62, 62",2026-08-01,,transactional,Organic
anavar order,8,8,1000,5,0.93,https://steroids-uk.com/product-category/anavar/,24,0.76,22.00,0.01,598000,"68, 8, 37, 84, 52, 52, 31, 52, 46, 84, 37, 68",2026-08-09,AI overview,informational,Organic
purchase anavar,8,8,880,15,0.93,https://steroids-uk.com/product-category/anavar/,21,0.66,19.00,0.01,216000,"68, 8, 37, 84, 52, 52, 31, 52, 46, 52, 37, 46",2026-08-12,AI overview,informational,Organic
test 300,4,4,320,8,2.17,https://steroids-uk.com/shop/testosterone-enanthate-proper-labs/,20,0.63,43.00,0.28,168,"54, 43, 54, 81, 66, 81, 66, 66, 66, 81, 81, 100",2026-07-19,"Video, People also ask, Related searches, AI overview","commercial, informational",Organic
pharma labs steroids,2,2,140,26,0.00,https://steroids-uk.com/product-category/manufacturers/pharma-grade-manufacturers/,18,0.57,0.00,0.03,95,"65, 42, 53, 80, 26, 42, 53, 80, 42, 42, 65, 42",2026-08-18,"People also ask, Related searches",informational,Organic
clenbuterol for sale,4,4,260,4,0.00,https://steroids-uk.com/product-category/clenbuterol/,16,0.5,0.00,0.1,64,"3, 10, 10, 7, 4, 3, 4, 4, 3, 5, 3, 4",2026-08-27,"Related searches, AI overview",transactional,Organic
buy cabergoline uk,4,4,260,5,1.09,https://steroids-uk.com/product-category/cabaser/,16,0.5,17.00,0.04,18,"53, 43, 82, 66, 66, 100, 53, 66, 43, 43, 53, 35",2026-07-20,"People also ask, Related searches",transactional,Organic
nolvadex uk,2,2,110,16,0.00,https://steroids-uk.com/product-category/nolvadex/,14,0.44,0.00,0.04,87,"29, 22, 22, 22, 22, 18, 14, 14, 18, 18, 18, 22",2026-07-28,"People also ask, Related searches",commercial,Organic
clen for sale,2,2,110,4,0.00,https://steroids-uk.com/product-category/clenbuterol/,14,0.44,0.00,0.1,79,"18, 15, 44, 8, 11, 15, 15, 23, 11, 18, 11, 15",2026-08-27,AI overview,transactional,Organic
test 400 steroid,1,1,110,8,0.00,https://steroids-uk.com/shop/tri-test-400-spharmaqo-labs/,14,0.44,0.00,0.24,105,"17, 28, 23, 28, 35, 28, 17, 28, 17, 35, 28, 23",2026-07-25,"Video, People also ask, Related searches, AI overview",informational,Organic
anavar for sale,12,12,1000,22,0.93,https://steroids-uk.com/product-category/anavar/,13,0.41,12.00,0.01,588000,"62, 62, 62, 100, 81, 62, 45, 62, 62, 81, 62, 62",2026-08-01,,transactional,Organic
uk steroids hcg,3,3,140,26,0.00,https://steroids-uk.com/product-category/hcg/,11,0.34,0.00,0.33,77,"0, 0, 0, 4, 100, 81, 43, 43, 29, 35, 6, 4",2026-09-12,"People also ask, Related searches",commercial,Organic
buy tamoxifen,3,3,140,8,1.09,https://steroids-uk.com/product-category/nolvadex/,11,0.34,11.00,0.07,88,"15, 65, 65, 42, 80, 34, 65, 19, 53, 42, 80, 65",2026-07-27,"Related searches, AI overview",transactional,Organic
anavar uk buy,10,10,480,16,0.00,https://steroids-uk.com/product-category/anavar/,10,0.31,0.00,0.33,317000,"24, 24, 30, 30, 36, 24, 30, 30, 30, 45, 45, 30",2026-08-11,,transactional,Organic
buy clen uk,3,3,110,9,1.19,https://steroids-uk.com/shop/clenbuterol-pharmaqo-labs/,9,0.28,10.00,0.31,159,"53, 17, 28, 100, 23, 17, 23, 28, 17, 23, 23, 28",2026-08-09,"People also ask, Related searches, AI overview",transactional,Organic
clomid for sale uk,5,5,210,6,1.39,https://steroids-uk.com/product-category/clomid/,9,0.28,12.00,0.18,71,"65, 53, 53, 81, 100, 81, 81, 81, 65, 53, 53, 53",2026-09-05,"People also ask, Related searches",transactional,Organic
buy tamoxifen uk,5,5,210,5,0.92,https://steroids-uk.com/product-category/nolvadex/,9,0.28,8.00,0.09,73,"66, 66, 66, 82, 35, 35, 35, 53, 43, 43, 35, 43",2026-08-29,Related searches,transactional,Organic
anavar uk buy,11,11,480,16,0.00,https://steroids-uk.com/product-category/anavar/,9,0.28,0.00,0.33,317000,"24, 24, 30, 30, 36, 24, 30, 30, 30, 45, 45, 30",2026-08-11,,transactional,Organic
test 200,3,3,90,25,1.74,https://steroids-uk.com/shop/testex-c-200-pharmaqolabs/,7,0.22,12.00,0.46,54,"78, 78, 78, 64, 50, 64, 64, 64, 50, 100, 78, 64",2026-07-21,"People also ask, Related searches",informational,Organic
testabol 400,6,6,320,3,1.51,https://steroids-uk.com/shop/tri-test-400-spharmaqo-labs/,7,0.22,10.00,0.34,35,"37, 52, 8, 13, 3, 7, 25, 4, 16, 11, 7, 16",2026-07-25,"People also ask, Related searches, AI overview",informational,Organic
buy hcg uk,10,10,320,23,3.15,https://steroids-uk.com/shop/hcg-pharmaqolabs/,7,0.22,22.00,0.05,74,"43, 66, 81, 81, 66, 81, 81, 81, 54, 66, 43, 54",2026-09-04,Related searches,transactional,Organic
buy trenbolone uk,6,6,210,20,0.00,https://steroids-uk.com/product-category/trenbolone/,7,0.22,0.00,0,211000,"11, 100, 100, 66, 44, 15, 8, 8, 11, 18, 18, 23",2026-08-21,,transactional,Organic
hgh buy uk,7,7,260,23,0.00,https://steroids-uk.com/product-category/growth-hormone/,7,0.22,0.00,0.02,129,"66, 66, 66, 66, 100, 81, 29, 35, 35, 43, 43, 43",2026-09-06,Related searches,transactional,Organic
cabaser,4,4,260,12,0.00,https://steroids-uk.com/product-category/cabaser/,7,0.22,0.00,0,56,"4, 5, 4, 100, 3, 4, 2, 1, 3, 3, 25, 3",2026-07-26,"People also ask, Related searches, AI overview",informational,Organic
tamoxifen buy uk,3,3,90,4,0.77,https://steroids-uk.com/product-category/nolvadex/,7,0.22,5.00,0.05,19,"35, 35, 100, 100, 78, 100, 50, 35, 50, 78, 100, 50",2026-07-20,Related searches,transactional,Organic
purchase anavar online,5,5,210,15,0.00,https://steroids-uk.com/product-category/anavar/,7,0.22,0.00,0.33,174000,"35, 17, 28, 0, 0, 53, 66, 82, 53, 100, 53, 100",2026-08-16,"Sitelinks, AI overview",transactional,Organic
anavar purchase online,7,7,210,3,0.00,https://steroids-uk.com/product-category/anavar/,6,0.19,0.00,0.33,161000,"35, 17, 28, 5, 5, 53, 66, 82, 53, 100, 53, 100",2026-08-12,,transactional,Organic
anavar cost,4,4,140,21,0.00,https://steroids-uk.com/product-category/anavar/,6,0.19,0.00,0.33,78700,"22, 29, 14, 66, 22, 29, 14, 29, 14, 29, 22, 22",2026-08-25,AI overview,informational,Organic
buy hcg,11,11,480,22,2.32,https://steroids-uk.com/product-category/hcg/,6,0.19,13.00,0.07,81,"54, 81, 81, 81, 66, 81, 66, 81, 100, 66, 66, 66",2026-09-01,Related searches,transactional,Organic
testosterone base,1,1,6600,29,2.04,https://steroids-uk.com/blog/testosterone-base-vs-testosterone-suspension-explained/,6,0.19,12.00,0.33,108,"1, 0, 7, 0, 0, 0, 81, 100, 29, 100, 10, 81",2026-09-05,"Video, Image, People also ask, Related searches, AI overview",informational,AI overview
buy clen,4,4,140,22,1.28,https://steroids-uk.com/product-category/clenbuterol/,6,0.19,7.00,0.22,90,"53, 82, 28, 43, 17, 28, 28, 28, 17, 28, 23, 17",2026-08-10,"Related searches, AI overview",transactional,Organic
test suspension,6,6,260,28,1.93,https://steroids-uk.com/blog/testosterone-base-vs-testosterone-suspension-explained/,6,0.19,11.00,0.09,89,"29, 23, 29, 29, 36, 19, 23, 19, 19, 23, 54, 44",2026-08-24,"Sitelinks, Video, People also ask, Related searches, AI overview",informational,Organic
buy cabergoline,8,8,210,9,0.85,https://steroids-uk.com/product-category/cabaser/,5,0.15,4.00,0.08,67,"32, 32, 14, 26, 14, 26, 11, 17, 17, 14, 14, 17",2026-09-04,Related searches,transactional,Organic
test 400 cycle,3,3,210,10,0.00,https://steroids-uk.com/blog/test-400/,5,0.15,0.00,0.05,189,"66, 81, 81, 66, 54, 43, 35, 14, 8, 35, 22, 54",2026-07-19,"Sitelinks, Video, Video Carousel, People also ask, Related searches",informational,Organic
tri test,2,2,170,3,0.00,https://steroids-uk.com/shop/tri-test-400-spharmaqo-labs/,5,0.15,0.00,0.04,107,"52, 80, 80, 52, 80, 80, 66, 80, 100, 80, 80, 80",2026-08-09,"Video, People also ask, Related searches, AI overview",informational,Organic
deus medical,2,2,210,23,0.00,https://steroids-uk.com/product-category/manufacturers/deus-medical/,5,0.15,0.00,0.33,92,"43, 43, 65, 43, 43, 100, 100, 100, 53, 65, 53, 53",2026-09-06,"Knowledge panel, Sitelinks, Related searches",navigational,Organic
hgh for sale uk,7,7,170,27,0.00,https://steroids-uk.com/product-category/growth-hormone/,5,0.15,0.00,0.01,140,"9, 65, 65, 100, 43, 53, 34, 43, 34, 43, 43, 34",2026-08-26,Related searches,transactional,Organic
hgh uk,11,11,480,28,2.91,https://steroids-uk.com/product-category/growth-hormone/,4,0.12,11.00,0.02,157,"44, 100, 44, 54, 54, 54, 44, 66, 66, 54, 66, 66",2026-08-26,"Video, People also ask, Related searches",commercial,Organic
steroxxe,11,11,480,23,1.83,https://steroids-uk.com/,4,0.12,7.00,1,959,"20, 20, 100, 24, 8, 24, 1, 0, 0, 0, 20, 20",2026-07-21,AI overview,informational,Organic
clen tablets price,5,5,170,19,0.00,https://steroids-uk.com/product-category/clenbuterol/,4,0.12,0.00,0.01,61,"65, 21, 53, 100, 65, 43, 43, 81, 53, 53, 34, 43",2026-08-30,"People also ask, Related searches, AI overview",commercial,Organic
best steroids for cutting,8,8,170,27,0.00,https://steroids-uk.com/product-category/cutting/,4,0.12,0.00,0.12,22700000,"29, 19, 12, 15, 15, 15, 12, 19, 23, 12, 23, 19",2026-08-12,AI overview,commercial,Organic
clenbuterol tablet price,6,6,140,24,0.00,https://steroids-uk.com/product-category/clenbuterol/,4,0.12,0.00,0.02,66,"100, 82, 66, 12, 28, 7, 35, 17, 10, 35, 2, 53",2026-09-09,"Related searches, AI overview",commercial,Organic
buy anavar uk,11,11,480,28,0.00,https://steroids-uk.com/product-category/anavar/,4,0.12,0.00,0,266000,"3, 20, 11, 7, 55, 7, 5, 30, 11, 8, 0, 16",2026-09-08,AI overview,informational,Organic
buy anavar online,10,10,210,22,0.00,https://steroids-uk.com/product-category/anavar/,4,0.12,0.00,0,687000,"1, 8, 8, 4, 3, 1, 4, 100, 4, 3, 1, 1",2026-08-14,,transactional,Organic
anavar for sale uk,11,11,260,3,0.00,https://steroids-uk.com/product-category/anavar/,4,0.12,0.00,0.01,135000,"43, 100, 53, 82, 82, 66, 28, 53, 53, 82, 100, 66",2026-07-31,,transactional,Organic
tamoxifen purchase,6,6,110,11,0.91,https://steroids-uk.com/product-category/nolvadex/,3,0.09,2.00,0.05,43,"64, 64, 64, 41, 64, 41, 41, 82, 64, 64, 64, 100",2026-07-25,"People also ask, Related searches, AI overview",transactional,Organic
winstrol uk muscle,6,6,110,22,0.00,https://steroids-uk.com/product-category/winstrol/,3,0.09,0.00,0.02,110,"34, 43, 53, 43, 6, 6, 9, 6, 15, 53, 43, 53",2026-08-28,"Related searches, AI overview",informational,Organic
pct tablet,4,4,90,6,0.92,https://steroids-uk.com/product-category/pct/,3,0.09,2.00,1,92,"65, 34, 19, 15, 19, 34, 42, 42, 26, 34, 34, 42",2026-08-19,"People also ask, Related searches, AI overview",informational,Organic
anavar uk,18,18,1000,11,1.14,https://steroids-uk.com/blog/category/anavar-guide,3,0.09,3.00,0.02,0,"24, 24, 20, 24, 27, 36, 27, 24, 27, 20, 36, 20",2026-07-28,AI overview,informational,Organic
best hgh uk,9,9,140,24,0.00,https://steroids-uk.com/product-category/growth-hormone/,3,0.09,0.00,0.06,155,"6, 100, 22, 22, 29, 35, 10, 14, 14, 29, 29, 14",2026-08-06,"Video, People also ask, Related searches, AI overview",commercial,Organic
pct tabs,4,4,90,29,0.92,https://steroids-uk.com/product-category/pct/,3,0.09,2.00,1,103,"65, 34, 15, 15, 19, 34, 42, 42, 26, 26, 34, 42",2026-08-19,"People also ask, Related searches, AI overview",informational,Organic
best steroid for cutting,9,0,140,23,1.75,https://steroids-uk.com/product-category/cutting/,3,0.09,5.00,0.12,19800000,"29, 23, 19, 19, 15, 7, 15, 10, 12, 23, 10, 10",2026-09-12,AI overview,commercial,Organic
pharmacom labs,7,7,140,8,0.00,https://steroids-uk.com/blog/pharmacom/,3,0.09,0.00,0.14,95,"23, 80, 100, 66, 100, 66, 52, 66, 52, 52, 66, 66",2026-08-09,"Related searches, AI overview",informational,Organic
growth hormone uk buy,6,6,110,24,2.46,https://steroids-uk.com/product-category/growth-hormone/,3,0.09,7.00,0.1,68,"26, 42, 100, 34, 34, 34, 34, 42, 42, 34, 26, 26",2026-09-09,"People also ask, Related searches, AI overview",transactional,Organic
trenbolone uk,8,8,260,15,1.05,https://steroids-uk.com/product-category/trenbolone/,3,0.09,3.00,0.09,148,"19, 15, 44, 54, 54, 44, 29, 29, 29, 12, 44, 100",2026-07-26,"People also ask, Related searches, AI overview",informational,Organic
kamagra uk next day delivery,8,8,140,25,4.42,https://steroids-uk.com/shop/shopkamagra-jelly/,3,0.09,13.00,0.42,56,"4, 21, 21, 11, 17, 14, 14, 21, 11, 14, 11, 11",2026-08-29,Related searches,commercial,Organic
where to purchase anavar,7,7,140,29,0.00,https://steroids-uk.com/product-category/anavar/,3,0.09,0.00,0.33,256000,"53, 26, 42, 65, 65, 53, 53, 80, 53, 100, 53, 65",2026-09-03,"Local pack, AI overview",transactional,Organic
400 test,5,5,90,7,1.51,https://steroids-uk.com/blog/test-400/,3,0.09,4.00,0.34,170,"0, 0, 0, 0, 0, 0, 0, 0, 0, 0, 76, 0",2026-07-19,"Sitelinks, People also ask, Related searches",informational,Organic
buy tiromel online uk,7,7,140,23,0.00,https://steroids-uk.com/product-category/t3/,3,0.09,0.00,0.05,2260,"9, 80, 80, 80, 80, 80, 52, 52, 66, 52, 52, 52",2026-08-23,"Sitelinks, Reviews, Image, People also ask, Related searches, AI overview",transactional,Organic
steroids uk hcg,7,7,110,28,0.00,https://steroids-uk.com/shop/hcg-pharmaqolabs/,3,0.09,0.00,0.33,75,"2, 2, 2, 2, 2, 2, 100, 2, 2, 15, 15, 10",2026-09-09,Related searches,commercial,Organic
buy hgh uk,13,13,390,22,1.62,https://steroids-uk.com/product-category/growth-hormone/,2,0.06,3.00,0.04,160,"13, 100, 16, 20, 25, 25, 13, 11, 13, 8, 16, 7",2026-08-13,Related searches,transactional,Organic
critical anabolics,17,17,590,7,0.00,https://steroids-uk.com/product-category/manufacturers/proper-labs/,2,0.06,0.00,0.01,92,"39, 26, 48, 26, 39, 48, 59, 100, 59, 88, 48, 59",2026-08-29,,commercial,Organic
pharma labs steroids,10,10,140,26,0.00,https://steroids-uk.com/product-category/manufacturers/pharmaqo-labs/,2,0.06,0.00,0.03,95,"65, 42, 53, 80, 26, 42, 53, 80, 42, 42, 65, 42",2026-08-18,"People also ask, Related searches",informational,Organic
upsteroids,25,25,1900,9,0.00,https://steroids-uk.com/product-category/oral/,2,0.06,0.00,0.33,56,"0, 0, 0, 0, 0, 54, 100, 0, 0, 0, 0, 0",2026-09-08,AI overview,informational,Organic
pharmaqo,18,18,720,9,0.86,https://steroids-uk.com/product-category/manufacturers/pharmaqo-labs/,2,0.06,1.00,0.04,139000,"55, 55, 67, 67, 76, 67, 30, 67, 67, 67, 67, 55",2026-09-01,AI overview,informational,Organic
anavar buy online,11,11,210,24,0.00,https://steroids-uk.com/product-category/anavar/,2,0.06,0.00,0.33,690000,"35, 43, 28, 43, 12, 53, 66, 82, 53, 100, 53, 100",2026-08-30,AI overview,transactional,Organic
oxy steroids for sale,8,8,110,15,0.00,https://steroids-uk.com/product-category/anadrol-buy/,2,0.06,0.00,0.66,62300,"2, 2, 2, 0, 0, 2, 0, 100, 0, 0, 2, 2",2026-09-08,AI overview,transactional,Organic
best cutting steroid,9,9,110,22,0.00,https://steroids-uk.com/product-category/cutting/,2,0.06,0.00,0.12,18400000,"11, 11, 9, 7, 9, 11, 9, 17, 5, 14, 14, 11",2026-08-27,AI overview,commercial,Organic
cabergoline buy,4,4,90,5,0.95,https://steroids-uk.com/product-category/cabaser/,2,0.06,1.00,0.06,19,"21, 50, 78, 21, 78, 64, 78, 64, 50, 100, 100, 78",2026-07-20,"People also ask, Related searches",transactional,Organic
steds n meds,12,12,210,16,0.00,https://steroids-uk.com/,2,0.06,0.00,0.01,97,"82, 82, 82, 53, 100, 66, 100, 28, 23, 23, 17, 12",2026-08-27,,commercial,Organic
test 500,10,10,320,13,1.12,https://steroids-uk.com/shop/eq-test-500mg-pharmaqo-labs/,2,0.06,2.00,1,110,"100, 54, 54, 54, 81, 54, 44, 54, 44, 54, 54, 23",2026-08-09,"People also ask, Related searches, AI overview",informational,Organic
sustanon 250 uk buy,9,9,90,14,1.14,https://steroids-uk.com/product-category/sustanon/,2,0.06,2.00,0.13,46,"64, 41, 52, 41, 41, 100, 82, 41, 52, 64, 41, 41",2026-07-23,"People also ask, Related searches",transactional,Organic
test 400 steroid,6,6,110,8,0.00,https://steroids-uk.com/blog/test-400/,2,0.06,0.00,0.24,105,"17, 28, 23, 28, 35, 28, 17, 28, 17, 35, 28, 23",2026-07-25,"Video, People also ask, Related searches, AI overview",informational,Organic
buy hcg online uk,11,11,170,5,3.65,https://steroids-uk.com/product-category/hcg/,2,0.06,7.00,0.12,93,"9, 28, 81, 65, 81, 65, 43, 53, 100, 43, 21, 15",2026-08-06,"Sitelinks, Related searches",transactional,Organic
uk steroids shop,30,30,1600,28,1.27,https://steroids-uk.com/product-category/bulking/,2,0.06,2.00,0.02,9530000,"36, 36, 54, 22, 29, 54, 36, 16, 29, 43, 29, 54",2026-07-31,,commercial,Organic
order anavar online,11,11,210,18,0.00,https://steroids-uk.com/product-category/anavar/,2,0.06,0.00,0.33,564000,"35, 28, 28, 10, 7, 53, 66, 82, 53, 100, 53, 100",2026-08-22,AI overview,commercial,Organic
buy arimidex,9,9,110,12,0.00,https://steroids-uk.com/shop/armidex-proper-labs/,2,0.06,0.00,0.03,84,"64, 52, 64, 64, 52, 64, 64, 41, 64, 64, 64, 52",2026-07-28,"People also ask, Related searches",transactional,Organic
test 200,10,10,90,25,1.74,https://steroids-uk.com/shop/testosterone-cypionate-proper-labs/,1,0.03,1.00,0.46,54,"78, 78, 78, 64, 50, 64, 64, 64, 50, 100, 78, 64",2026-07-21,"People also ask, Related searches",informational,Organic
buy t3,11,11,90,9,0.53,https://steroids-uk.com/product-category/t3/,1,0.03,0.00,0.96,89,"52, 52, 64, 100, 64, 52, 41, 52, 29, 41, 64, 82",2026-08-28,AI overview,informational,Organic
supreme steroids,32,32,1900,19,1.11,https://steroids-uk.com/product-category/methyldrostanolone/,1,0.03,1.00,0.01,132,"100, 24, 44, 100, 27, 80, 66, 66, 52, 80, 20, 44",2026-08-24,Related searches,commercial,Organic
supreme steroids,38,38,1900,19,1.11,https://steroids-uk.com/product-category/oral/,1,0.03,1.00,0.01,132,"100, 24, 44, 100, 27, 80, 66, 66, 52, 80, 20, 44",2026-08-24,Related searches,commercial,Organic
clenbuterol for sale,14,14,260,4,0.00,https://steroids-uk.com/product-category/fat-loss/,1,0.03,0.00,0.1,64,"3, 10, 10, 7, 4, 3, 4, 4, 3, 5, 3, 4",2026-08-27,"Related searches, AI overview",transactional,Organic
buy clomid,11,11,390,26,1.18,https://steroids-uk.com/product-category/clomid/,1,0.03,1.00,0.13,77,"66, 44, 44, 54, 44, 66, 54, 66, 66, 81, 54, 44",2026-07-23,"People also ask, Related searches",transactional,Organic
upsteroids,36,36,1900,9,0.00,https://steroids-uk.com/,1,0.03,0.00,0.33,56,"0, 0, 0, 0, 0, 54, 100, 0, 0, 0, 0, 0",2026-09-08,AI overview,informational,Organic
uksteroidshop,34,34,2400,8,1.40,https://steroids-uk.com/,1,0.03,1.00,0.02,4710,"54, 100, 54, 65, 81, 54, 43, 43, 43, 43, 43, 43",2026-07-26,,informational,Organic
dianabol online buy,13,13,170,11,0.74,https://steroids-uk.com/product-category/dianabol/,1,0.03,0.00,0.03,452000,"100, 5, 1, 1, 8, 10, 6, 10, 1, 6, 5, 5",2026-09-02,AI overview,transactional,Organic
steroid sanctuary,19,19,390,26,0.00,https://steroids-uk.com/product-category/injectable/,1,0.03,0.00,0.01,70,"54, 54, 44, 44, 44, 54, 66, 100, 66, 81, 100, 100",2026-08-02,AI overview,navigational,Organic
dianabol for sale uk,16,16,320,16,0.79,https://steroids-uk.com/shop/dianabol25-proper-labs/,1,0.03,0.00,0.04,172000,"100, 67, 76, 3, 5, 2, 3, 5, 3, 5, 8, 8",2026-07-19,,transactional,Organic
500mg test,8,8,90,26,2.13,https://steroids-uk.com/shop/eq-test-500mg-pharmaqo-labs/,1,0.03,2.00,0.94,117,"78, 78, 50, 78, 28, 28, 100, 50, 50, 50, 50, 50",2026-08-18,"People also ask, Related searches, AI overview",informational,Organic
uk steroids hcg,11,0,140,26,0.00,https://steroids-uk.com/shop/hcg-eutrig-hp/,1,0.03,0.00,0.33,77,"0, 0, 0, 4, 100, 81, 43, 43, 29, 35, 6, 4",2026-09-12,"People also ask, Related searches",commercial,Organic
testosterone base,38,38,6600,29,2.04,https://steroids-uk.com/shop/testo-base-100-testosterone-base-syncom-labs/,1,0.03,2.00,0.33,108,"1, 0, 7, 0, 0, 0, 81, 100, 29, 100, 10, 81",2026-09-05,"Video, Image, People also ask, Related searches, AI overview",informational,Organic
order dianabol online,11,11,170,8,0.74,https://steroids-uk.com/product-category/dianabol/,1,0.03,0.00,0.03,434000,"100, 5, 1, 1, 8, 10, 6, 10, 1, 6, 5, 5",2026-09-02,AI overview,commercial,Organic
pharmaqo labs,26,26,720,16,1.14,https://steroids-uk.com/product-category/manufacturers/pharmaqo-labs/,1,0.03,1.00,0.05,140000,"81, 81, 55, 55, 55, 45, 36, 45, 20, 36, 36, 30",2026-08-03,AI overview,informational,Organic
hcg for sale,13,13,210,22,0.00,https://steroids-uk.com/product-category/hcg/,1,0.03,0.00,0.02,96,"17, 28, 82, 82, 35, 35, 28, 43, 66, 66, 53, 35",2026-08-13,"People also ask, Related searches",transactional,Organic
pharma labs uk,17,17,390,19,1.58,https://steroids-uk.com/product-category/manufacturers/pharma-grade-manufacturers/,1,0.03,1.00,0.61,100,"48, 26, 100, 39, 26, 59, 48, 32, 48, 21, 11, 21",2026-08-30,"People also ask, Related searches",informational,Organic
testosterone 400,14,14,260,5,1.30,https://steroids-uk.com/blog/test-400/,1,0.03,1.00,0.25,104,"20, 30, 45, 6, 8, 16, 20, 8, 6, 10, 24, 10",2026-07-30,"People also ask, Popular products, Related searches",informational,Organic
cabaser,13,13,260,12,0.00,https://steroids-uk.com/product-category/cabaser/,1,0.03,0.00,0,56,"4, 5, 4, 100, 3, 4, 2, 1, 3, 3, 25, 3",2026-07-26,"People also ask, Related searches, AI overview",informational,Organic
hcg buy uk,11,11,110,14,3.15,https://steroids-uk.com/product-category/hcg/,1,0.03,3.00,0.05,75,"19, 33, 80, 80, 52, 52, 52, 66, 80, 66, 42, 80",2026-08-31,Related searches,transactional,Organic
critical labs steroids,10,10,170,9,0.00,https://steroids-uk.com/product-category/manufacturers/proper-labs/,1,0.03,0.00,0.01,98,"18, 3, 28, 18, 8, 8, 44, 100, 54, 8, 18, 44",2026-08-27,,commercial,Organic
buy clomid uk,14,14,390,15,1.39,https://steroids-uk.com/product-category/clomid/,1,0.03,1.00,0.18,69,"66, 66, 66, 100, 66, 54, 54, 66, 44, 36, 36, 29",2026-08-22,"Sitelinks, People also ask, Related searches, AI overview",transactional,Organic
anavar buy uk,17,17,590,26,0.00,https://steroids-uk.com/shop/anavar-50-pharmaqo-labs/,1,0.03,0.00,0.33,457000,"36, 45, 36, 36, 30, 36, 55, 30, 30, 30, 45, 45",2026-07-25,AI overview,transactional,Organic
dianabol for sale,12,12,210,8,1.11,https://steroids-uk.com/shop/dianabol25-proper-labs/,1,0.03,1.00,0.1,313000,"54, 19, 23, 19, 23, 23, 23, 23, 19, 29, 19, 19",2026-09-01,AI overview,transactional,Organic
critical labs uk,9,9,260,12,4.23,https://steroids-uk.com/product-category/manufacturers/proper-labs/,1,0.03,4.00,0.03,105,"0, 2, 5, 2, 6, 9, 36, 100, 54, 54, 29, 100",2026-08-17,"Video, People also ask, Related searches",commercial,Organic
uksteroidshop reviews,12,12,170,20,0.00,https://steroids-uk.com/,1,0.03,0.00,0.01,1610,"0, 65, 100, 100, 80, 65, 100, 100, 65, 42, 65, 42",2026-08-05,AI overview,commercial,Organic
anavar buy,22,22,880,22,0.93,https://steroids-uk.com/product-category/anavar/,1,0.03,0.00,0.01,614000,"31, 37, 31, 84, 46, 52, 37, 68, 31, 84, 52, 37",2026-08-26,,transactional,Organic
deuschem,10,10,140,22,0.00,https://steroids-uk.com/product-category/manufacturers/deus-medical/,1,0.03,0.00,0.03,39,"82, 100, 82, 82, 82, 100, 100, 100, 82, 82, 82, 52",2026-08-18,"Reviews, Related searches, AI overview","commercial, informational",Organic
anavar purchase,16,16,320,22,0.93,https://steroids-uk.com/product-category/anavar/,1,0.03,0.00,0.01,201000,"68, 8, 1, 1, 1, 1, 1, 52, 1, 25, 1, 25",2026-08-03,AI overview,informational,Organic
buy clen uk,10,10,110,9,1.19,https://steroids-uk.com/product-category/fat-loss/,0,0,0.00,0.31,159,"53, 17, 28, 100, 23, 17, 23, 28, 17, 23, 23, 28",2026-08-09,"People also ask, Related searches, AI overview",transactional,Organic
hcg 5000iu,45,45,320,29,0.00,https://steroids-uk.com/shop/hcg-eutrig-hp/,0,0,0.00,0.33,105,"53, 66, 82, 66, 66, 82, 82, 100, 82, 100, 100, 100",2026-08-31,"Image pack, Video, Image, People also ask, Related searches, AI overview",informational,Organic
hcg 5000iu,56,56,320,29,0.00,https://steroids-uk.com/product-category/hcg/,0,0,0.00,0.33,105,"53, 66, 82, 66, 66, 82, 82, 100, 82, 100, 100, 100",2026-08-31,"Image pack, Video, Image, People also ask, Related searches, AI overview",informational,Organic
hcg 5000iu,72,72,320,29,0.00,https://steroids-uk.com/shop/hcg-pharmaqolabs/,0,0,0.00,0.33,105,"53, 66, 82, 66, 66, 82, 82, 100, 82, 100, 100, 100",2026-08-31,"Image pack, Video, Image, People also ask, Related searches, AI overview",informational,Organic
test 200,18,18,90,25,1.74,https://steroids-uk.com/shop/testo-cyp-200-testosterone-cypionate-syncom-labs/,0,0,0.00,0.46,54,"78, 78, 78, 64, 50, 64, 64, 64, 50, 100, 78, 64",2026-07-21,"People also ask, Related searches",informational,Organic
injection water,78,78,170,16,0.60,https://steroids-uk.com/shop/water-injections/,0,0,0.00,0.99,131,"15, 23, 44, 28, 23, 15, 23, 28, 18, 35, 28, 28",2026-08-09,"Knowledge panel, Video, Image, Ads bottom, People also ask, Related searches",informational,Organic
anavar only cycle,93,0,320,17,0.00,https://steroids-uk.com/,0,0,0.00,0.33,656000,"30, 24, 24, 24, 24, 16, 24, 20, 24, 20, 20, 20",2026-09-11,AI overview,informational,Organic
evo pharma,37,37,320,11,3.20,https://steroids-uk.com/shop/evotropin-100iu/,0,0,0.00,0.04,73,"23, 23, 28, 11, 28, 23, 81, 66, 66, 100, 100, 66",2026-09-04,AI overview,"commercial, informational",Organic
best pct,28,28,140,26,0.86,https://steroids-uk.com/blog/post-cycle-therapy-pct-what-you-need-to-know/,0,0,0.00,1,174,"53, 53, 65, 65, 100, 53, 53, 42, 42, 42, 42, 26",2026-07-21,"Sitelinks, Video, Video Carousel, People also ask, Related searches, AI overview",commercial,Organic
cipla vs arimidex,82,0,720,28,0.00,https://steroids-uk.com/shop/anastrozole-arimidex-1mg-50tabs-syncom-labs/,0,0,0.00,0,83500,100,2026-09-12,"Video, AI overview",commercial,Organic
pharma labs,50,50,880,17,1.57,https://steroids-uk.com/product-category/manufacturers/pharmaqo-labs/,0,0,0.00,0.73,100,"81, 81, 100, 81, 55, 45, 24, 30, 36, 36, 10, 16",2026-08-02,"Local pack, People also ask, Related searches, AI overview",informational,Organic
test 250,20,20,260,28,1.57,https://steroids-uk.com/product-category/testosterone-enan/,0,0,0.00,0.59,91,"53, 82, 82, 66, 53, 66, 53, 66, 66, 82, 66, 100",2026-08-01,"Image pack, Sitelinks, Video, People also ask, Related searches, AI overview",informational,Organic
clomid online,29,29,170,24,1.63,https://steroids-uk.com/product-category/clomid/,0,0,0.00,0.36,74,"34, 43, 43, 43, 43, 81, 100, 100, 81, 53, 34, 34",2026-08-10,"Video, People also ask, Related searches, AI overview",commercial,Organic
supreme steroids,45,45,1900,19,1.11,https://steroids-uk.com/product-category/best-salles/,0,0,0.00,0.01,132,"100, 24, 44, 100, 27, 80, 66, 66, 52, 80, 20, 44",2026-08-24,Related searches,commercial,Organic
supreme steroids,50,50,1900,19,1.11,https://steroids-uk.com/product-category/bulking/,0,0,0.00,0.01,132,"100, 24, 44, 100, 27, 80, 66, 66, 52, 80, 20, 44",2026-08-24,Related searches,commercial,Organic
supreme steroids,51,51,1900,19,1.11,https://steroids-uk.com/product-category/bulking/,0,0,0.00,0.01,132,"100, 24, 44, 100, 27, 80, 66, 66, 52, 80, 20, 44",2026-08-24,Related searches,commercial,Organic
supreme steroids,53,53,1900,19,1.11,https://steroids-uk.com/,0,0,0.00,0.01,132,"100, 24, 44, 100, 27, 80, 66, 66, 52, 80, 20, 44",2026-08-24,Related searches,commercial,Organic
pct tablets,13,13,170,8,0.92,https://steroids-uk.com/product-category/pct/,0,0,0.00,1,96,"65, 100, 100, 65, 65, 53, 42, 42, 65, 53, 80, 65",2026-08-30,"People also ask, Related searches, AI overview",informational,Organic
needles for testosterone,79,79,260,28,0.61,https://steroids-uk.com/shop/needles-syringes/,0,0,0.00,1,113,"65, 81, 65, 81, 65, 65, 81, 81, 100, 100, 100, 100",2026-08-15,"Sitelinks, Video, Image, People also ask, Popular products, Related searches, AI overview",informational,Organic
where can i purchase clomid,30,30,90,22,0.97,https://steroids-uk.com/product-category/clomid/,0,0,0.00,0.18,83,"34, 28, 34, 21, 21, 34, 28, 28, 28, 28, 34, 21",2026-07-20,"Local pack, People also ask, Related searches, Discussions and forums",transactional,Organic
stedsnmeds,23,0,480,26,0.00,https://steroids-uk.com/product-category/injectable/,0,0,0.00,0.33,101,"45, 36, 67, 100, 36, 30, 20, 16, 13, 13, 13, 10",2026-09-12,,informational,Organic
cabergoline uk,30,30,210,20,0.92,https://steroids-uk.com/product-category/cabaser/,0,0,0.00,0.03,74,"65, 65, 53, 81, 81, 100, 43, 65, 81, 65, 65, 53",2026-08-30,"Video, People also ask, Related searches, AI overview",informational,Organic
pharma labz,45,45,590,14,1.27,https://steroids-uk.com/product-category/manufacturers/proper-labs/,0,0,0.00,0.5,97,"48, 88, 100, 59, 48, 59, 59, 72, 32, 32, 26, 21",2026-08-02,Related searches,informational,Organic
clomid for sale,14,14,110,23,1.29,https://steroids-uk.com/product-category/clomid/,0,0,0.00,0.15,84,"23, 42, 42, 80, 52, 66, 52, 66, 52, 33, 42, 42",2026-08-06,"Image, People also ask, Related searches",transactional,Organic
clomid buy,19,19,210,22,1.29,https://steroids-uk.com/product-category/clomid/,0,0,0.00,0.24,76,"28, 35, 28, 44, 44, 28, 23, 28, 54, 18, 44, 18",2026-08-07,"People also ask, Related searches",transactional,Organic
dr peptides uk,39,39,140,21,1.67,https://steroids-uk.com/product-category/peptides/,0,0,0.00,1,84,"0, 0, 15, 9, 21, 43, 65, 81, 81, 100, 100, 65",2026-08-31,"Reviews, People also ask, Related searches","commercial, informational",Organic
trenobol,51,51,90,25,0.98,https://steroids-uk.com/product-category/trenbolone/,0,0,0.00,1,1720,"10, 8, 100, 8, 8, 43, 4, 10, 4, 6, 14, 10",2026-08-18,"Video, Image, People also ask, Related searches, AI overview",informational,Organic
buying dianabol,13,13,110,7,0.98,https://steroids-uk.com/shop/dianabol-pharmaqo-labs/,0,0,0.00,0.05,472000,"2, 1, 2, 2, 1, 3, 3, 4, 2, 2, 2, 3",2026-08-07,AI overview,transactional,Organic
testo 2000,42,42,210,19,0.62,https://steroids-uk.com/product-category/testosterones/,0,0,0.00,1,103,"100, 100, 82, 82, 53, 53, 35, 28, 28, 23, 28, 43",2026-08-27,"Reviews, People also ask, Related searches, AI overview",informational,Organic
npp v,68,68,210,18,0.00,https://steroids-uk.com/product-category/npp/,0,0,0.00,0.33,118,"65, 80, 80, 80, 80, 80, 53, 80, 80, 100, 80, 80",2026-08-26,"Image pack, Reviews, Video, People also ask, Related searches, AI overview",commercial,Organic
npp v,83,83,210,18,0.00,https://steroids-uk.com/shop/npp-nandrolone-phenylpropionate-100mg-beligas-pharmaceuticals/,0,0,0.00,0.33,118,"65, 80, 80, 80, 80, 80, 53, 80, 80, 100, 80, 80",2026-08-26,"Image pack, Reviews, Video, People also ask, Related searches, AI overview",commercial,Organic
test 400 cycle,59,59,210,10,0.00,https://steroids-uk.com/shop/tri-test-400-spharmaqo-labs/,0,0,0.00,0.05,189,"66, 81, 81, 66, 54, 43, 35, 14, 8, 35, 22, 54",2026-07-19,"Sitelinks, Video, Video Carousel, People also ask, Related searches",informational,Organic
pharmalabz,50,50,260,9,1.57,https://steroids-uk.com/product-category/manufacturers/pharmaqo-labs/,0,0,0.00,0.73,86,"66, 53, 53, 66, 82, 43, 66, 100, 53, 43, 43, 100",2026-08-19,"Reviews, Related searches",informational,Organic
buy ibutamoren uk,42,42,90,8,0.67,https://steroids-uk.com/product-category/ibutamoren-mk-677/,0,0,0.00,0.88,148,"42, 7, 7, 26, 65, 34, 7, 53, 42, 34, 34, 34",2026-07-21,Related searches,transactional,Organic
southern ghost steroids,31,31,140,12,0.00,https://steroids-uk.com/,0,0,0.00,0.02,105,"19, 29, 23, 19, 23, 15, 15, 15, 19, 29, 23, 19",2026-08-12,,informational,Organic
19 anabol testo,64,64,210,19,0.00,https://steroids-uk.com/product-category/testosterones/,0,0,0.00,0.02,156,"81, 81, 81, 100, 65, 65, 53, 65, 53, 53, 43, 43",2026-09-04,"Knowledge panel, Reviews, People also ask, Related searches, AI overview",informational,Organic
buying clomid online,25,25,140,18,1.48,https://steroids-uk.com/product-category/clomid/,0,0,0.00,0.32,54,"3, 9, 9, 15, 15, 53, 100, 81, 53, 43, 43, 65",2026-09-01,"People also ask, Related searches, AI overview",informational,Organic
hygetropin,64,64,110,8,0.00,https://steroids-uk.com/product-category/growth-hormone/,0,0,0.00,0.02,84,"28, 43, 34, 34, 28, 34, 21, 21, 34, 34, 43, 34",2026-08-27,"Video, Image, People also ask, Related searches, AI overview",informational,Organic
peptide injections uk,63,63,210,13,1.40,https://steroids-uk.com/product-category/peptides/,0,0,0.00,1,132,"15, 53, 21, 43, 43, 21, 53, 81, 100, 100, 100, 81",2026-08-03,"People also ask, Related searches, AI overview",informational,Organic
dianabol vs anavar,52,52,110,19,0.00,https://steroids-uk.com/blog/anvarol-vs-anavar/,0,0,0.00,0.33,400000,"66, 33, 33, 52, 52, 100, 42, 52, 52, 42, 33, 42",2026-09-08,AI overview,commercial,Organic
order hcg online,14,14,110,13,2.56,https://steroids-uk.com/product-category/hcg/,0,0,0.00,0.14,88,"7, 7, 42, 42, 42, 53, 65, 80, 53, 65, 42, 53",2026-08-18,"Related searches, AI overview",commercial,Organic
dianabol buy,13,13,110,20,1.25,https://steroids-uk.com/shop/dianabol25-proper-labs/,0,0,0.00,0.04,574000,"2, 2, 4, 2, 1, 2, 2, 2, 2, 2, 2, 2",2026-07-29,AI overview,transactional,Organic
dianabol buy,23,23,110,20,1.25,https://steroids-uk.com/product-category/dianabol/,0,0,0.00,0.04,574000,"2, 2, 4, 2, 1, 2, 2, 2, 2, 2, 2, 2",2026-07-29,AI overview,transactional,Organic
pharma labs steroids,31,31,140,26,0.00,https://steroids-uk.com/product-category/manufacturers/proper-labs/,0,0,0.00,0.03,95,"65, 42, 53, 80, 26, 42, 53, 80, 42, 42, 65, 42",2026-08-18,"People also ask, Related searches",informational,Organic
pharma labs steroids,53,53,140,26,0.00,https://steroids-uk.com/shop/testex-c-200-pharmaqolabs/,0,0,0.00,0.03,95,"65, 42, 53, 80, 26, 42, 53, 80, 42, 42, 65, 42",2026-08-18,"People also ask, Related searches",informational,Organic
buy clomid,16,16,390,26,1.18,https://steroids-uk.com/product-category/clomid/,0,0,0.00,0.13,77,"66, 44, 44, 54, 44, 66, 54, 66, 66, 81, 54, 44",2026-07-23,"People also ask, Related searches",transactional,Organic
400/12,75,75,1600,26,0.00,https://steroids-uk.com/shop/tri-test-400-spharmaqo-labs/,0,0,0.00,0.33,0,"66, 44, 66, 18, 24, 16, 18, 35, 18, 24, 18, 18",2026-08-15,"Instant answer, Reviews, Related searches",informational,Organic
is 2 ml of test 400 a week enough,21,21,170,15,0.00,https://steroids-uk.com/blog/test-400/,0,0,0.00,0.33,122,"100, 80, 66, 66, 66, 42, 52, 100, 100, 100, 66, 52",2026-08-26,"Sitelinks, Video, People also ask, Related searches, AI overview",informational,Organic
where can i buy clomid in the uk,12,12,140,15,1.22,https://steroids-uk.com/product-category/clomid/,0,0,0.00,0.22,80,"22, 22, 22, 35, 14, 14, 18, 22, 43, 35, 29, 35",2026-08-06,"People also ask, Related searches, AI overview","informational, transactional",Organic
buy mk677,33,33,320,22,0.00,https://steroids-uk.com/product-category/ibutamoren-mk-677/,0,0,0.00,0,155,"3, 11, 5, 55, 3, 5, 8, 8, 8, 4, 0, 5",2026-09-06,"Reviews, Video, People also ask, Related searches",transactional,Organic
buy mk677,47,47,320,22,0.00,https://steroids-uk.com/shop/ibutamoren-mk677/,0,0,0.00,0,155,"3, 11, 5, 55, 3, 5, 8, 8, 8, 4, 0, 5",2026-09-06,"Reviews, Video, People also ask, Related searches",transactional,Organic
tri test,71,71,170,3,0.00,https://steroids-uk.com/shop/tri-tren-pharmaqo-labs/,0,0,0.00,0.04,107,"52, 80, 80, 52, 80, 80, 66, 80, 100, 80, 80, 80",2026-08-09,"Video, People also ask, Related searches, AI overview",informational,Organic
tri test,86,86,170,3,0.00,https://steroids-uk.com/shop/testo-mix3-proper-labs/,0,0,0.00,0.04,107,"52, 80, 80, 52, 80, 80, 66, 80, 100, 80, 80, 80",2026-08-09,"Video, People also ask, Related searches, AI overview",informational,Organic
test eq cycle,34,34,140,26,0.00,https://steroids-uk.com/shop/eq-test-500mg-pharmaqo-labs/,0,0,0.00,0.33,120,"42, 53, 42, 53, 65, 42, 65, 53, 53, 53, 42, 34",2026-08-15,"Sitelinks, Video, People also ask, Related searches, AI overview",informational,Organic
letrozole price,48,48,140,21,0.00,https://steroids-uk.com/shop/mono-femara-letrozole-50tabs-2-5mg-beligas-pharmaceuticals/,0,0,0.00,0.01,64,"23, 23, 28, 100, 28, 28, 28, 28, 28, 23, 43, 28",2026-09-08,"People also ask, Related searches, AI overview",transactional,Organic
steroxxe,71,71,480,23,1.83,https://steroids-uk.com/blog/proper-labs-laboratory-tests/,0,0,0.00,1,959,"20, 20, 100, 24, 8, 24, 1, 0, 0, 0, 20, 20",2026-07-21,AI overview,informational,Organic
novadex,71,71,170,23,0.00,https://steroids-uk.com/product-category/nolvadex/,0,0,0.00,0.06,33700,"43, 54, 35, 35, 29, 35, 29, 29, 29, 35, 35, 35",2026-08-23,"Image pack, Reviews, Video, Related searches, AI overview",informational,Organic
telmisartan uk,45,45,90,10,0.79,https://steroids-uk.com/shop/telmisartan-80mg-100caps-syncom-labs/,0,0,0.00,0.11,102,"34, 53, 34, 34, 26, 26, 19, 34, 34, 65, 53, 53",2026-07-19,"People also ask, Related searches, AI overview","commercial, informational",Organic
400 12,82,82,880,15,0.00,https://steroids-uk.com/shop/tri-test-400-spharmaqo-labs/,0,0,0.00,0.33,104,"76, 76, 76, 100, 76, 67, 36, 100, 45, 55, 36, 36",2026-08-29,AI overview,informational,Organic
buy letrozole for fertility uk,50,50,140,15,0.00,https://steroids-uk.com/shop/mono-femara-letrozole-50tabs-2-5mg-beligas-pharmaceuticals/,0,0,0.00,0,78,"33, 42, 52, 66, 80, 52, 80, 80, 100, 80, 100, 80",2026-09-04,"People also ask, Related searches",transactional,Organic
buy letrozole for fertility uk,51,51,140,15,0.00,https://steroids-uk.com/shop/mono-femara-letrozole-50tabs-2-5mg-beligas-pharmaceuticals/,0,0,0.00,0,78,"33, 42, 52, 66, 80, 52, 80, 80, 100, 80, 100, 80",2026-09-04,"People also ask, Related searches",transactional,Organic
sus and deca cycle,26,26,140,9,0.00,https://steroids-uk.com/blog/deca-durabolin-cycle-guide/,0,0,0.00,0.33,128,"66, 66, 66, 66, 66, 80, 66, 66, 66, 80, 52, 23",2026-07-23,"People also ask, Related searches, AI overview",informational,Organic
london anabolics,67,67,170,7,1.33,https://steroids-uk.com/product-category/oral/,0,0,0.00,0.08,98,"44, 29, 29, 15, 19, 12, 10, 15, 10, 12, 12, 12",2026-08-12,"Video, Related searches",commercial,Organic
estrocontrol,59,59,590,11,0.96,https://steroids-uk.com/product-category/antiestrogen/,0,0,0.00,1,101,"37, 84, 68, 31, 31, 20, 16, 13, 8, 52, 11, 4",2026-07-24,"Video, Image, People also ask, Related searches, AI overview",informational,Organic
pct supplement,13,13,170,16,0.50,https://steroids-uk.com/product-category/pct/,0,0,0.00,0.99,192,"100, 80, 80, 80, 100, 80, 100, 80, 66, 66, 52, 66",2026-07-20,"Video, People also ask, Related searches, AI overview",informational,Organic
pct supplement,41,41,170,16,0.50,https://steroids-uk.com/blog/post-cycle-therapy-pct-what-you-need-to-know/,0,0,0.00,0.99,192,"100, 80, 80, 80, 100, 80, 100, 80, 66, 66, 52, 66",2026-07-20,"Video, People also ask, Related searches, AI overview",informational,Organic
test and eq cycle,34,34,110,9,0.00,https://steroids-uk.com/shop/eq-test-500mg-pharmaqo-labs/,0,0,0.00,0.33,111,"52, 52, 52, 100, 64, 100, 82, 82, 82, 64, 41, 64",2026-09-09,"Sitelinks, Video, People also ask, Related searches, AI overview",informational,Organic
buy sarms uk,37,37,720,18,0.00,https://steroids-uk.com/product-category/sarms/,0,0,0.00,0,167,"0, 8, 0, 1, 10, 1, 0, 0, 1, 0, 0, 0",2026-07-22,"Knowledge panel, Reviews, People also ask, Related searches",transactional,Organic
oxandrolone uk,32,32,110,25,0.00,https://steroids-uk.com/shop/anavar-lite-oxandrolone-10mg-100tabs-beligas-pharmaceuticals/,0,0,0.00,0.04,377000,"15, 15, 18, 23, 23, 23, 18, 23, 15, 18, 18, 15",2026-09-03,AI overview,informational,Organic
oxandrolone uk,47,47,110,25,0.00,https://steroids-uk.com/product-category/anavar/,0,0,0.00,0.04,377000,"15, 15, 18, 23, 23, 23, 18, 23, 15, 18, 18, 15",2026-09-03,AI overview,informational,Organic
oxandrolone uk,68,68,110,25,0.00,https://steroids-uk.com/shop/anavar-10-pharmaqo-labs/,0,0,0.00,0.04,377000,"15, 15, 18, 23, 23, 23, 18, 23, 15, 18, 18, 15",2026-09-03,AI overview,informational,Organic
oxandrolone uk,94,94,110,25,0.00,https://steroids-uk.com/shop/anavar10-proper-labs/,0,0,0.00,0.04,377000,"15, 15, 18, 23, 23, 23, 18, 23, 15, 18, 18, 15",2026-09-03,AI overview,informational,Organic
hcg uk buy,16,16,170,14,3.15,https://steroids-uk.com/product-category/hcg/,0,0,0.00,0.05,79,"28, 43, 23, 28, 28, 43, 53, 82, 53, 53, 53, 43",2026-08-26,Related searches,transactional,Organic
liv 52 by himalaya,55,55,90,17,0.79,https://steroids-uk.com/shop/himalaya-liv-52/,0,0,0.00,1,195,"11, 11, 11, 11, 11, 100, 100, 82, 64, 100, 82, 0",2026-07-20,"Reviews, Video, People also ask, Related searches",informational,Organic
provixin,30,30,720,23,0.00,https://steroids-uk.com/product-category/proviron/,0,0,0.00,0.33,72,"1, 1, 0, 0, 0, 1, 84, 84, 84, 84, 37, 100",2026-08-07,"People also ask, Related searches, AI overview",informational,Organic
buy liothyronine online,23,23,140,6,0.83,https://steroids-uk.com/product-category/t3/,0,0,0.00,0.21,93,"15, 26, 26, 42, 42, 34, 100, 100, 80, 80, 53, 80",2026-08-18,AI overview,informational,Organic
buy letrozole uk,39,39,170,8,0.98,https://steroids-uk.com/shop/mono-femara-letrozole-50tabs-2-5mg-beligas-pharmaceuticals/,0,0,0.00,0.17,66,"7, 80, 80, 100, 100, 80, 53, 80, 80, 100, 42, 42",2026-08-30,"People also ask, Related searches, AI overview",transactional,Organic
viogen anavar,33,33,140,1,0.00,https://steroids-uk.com/shop/viogen-oxandrolone-anavar-50/,0,0,0.00,0.33,4830,"52, 66, 52, 42, 33, 33, 52, 66, 80, 80, 100, 66",2026-09-11,AI overview,commercial,Organic
mk 677 buy,52,52,170,25,0.00,https://steroids-uk.com/product-category/ibutamoren-mk-677/,0,0,0.00,0,157,"2, 4, 100, 1, 0, 5, 8, 6, 6, 3, 2, 2",2026-09-02,"Video, People also ask, Related searches",transactional,Organic
winstrol uk muscle,28,28,110,22,0.00,https://steroids-uk.com/shop/winstrol-pharmaqo-labs/,0,0,0.00,0.02,110,"34, 43, 53, 43, 6, 6, 9, 6, 15, 53, 43, 53",2026-08-28,"Related searches, AI overview",informational,Organic
winstrol uk muscle,36,36,110,22,0.00,https://steroids-uk.com/shop/winstrol50-pharmaqo-labs/,0,0,0.00,0.02,110,"34, 43, 53, 43, 6, 6, 9, 6, 15, 53, 43, 53",2026-08-28,"Related searches, AI overview",informational,Organic
buy cardarine uk,23,23,110,29,0.00,https://steroids-uk.com/product-category/cardarine-gw-501516/,0,0,0.00,0,141,"66, 66, 66, 52, 66, 100, 52, 42, 42, 42, 52, 42",2026-09-09,"Video, People also ask, Related searches, AI overview",transactional,Organic
dunning labs,41,41,390,4,2.60,https://steroids-uk.com/product-category/manufacturers/proper-labs/,0,0,0.00,0.02,101,"100, 100, 100, 66, 66, 66, 54, 81, 54, 66, 66, 81",2026-08-13,"Video, Related searches",informational,Organic
order clomid,24,24,210,25,1.29,https://steroids-uk.com/product-category/clomid/,0,0,0.00,0.24,75,"43, 14, 10, 100, 66, 54, 43, 66, 54, 54, 43, 43",2026-08-02,"People also ask, Related searches, AI overview",informational,Organic
clomis,70,70,90,24,1.44,https://steroids-uk.com/product-category/clomid/,0,0,0.00,0.06,122,"22, 29, 100, 8, 8, 14, 14, 10, 8, 6, 10, 10",2026-08-18,"Image pack, Video, Image, People also ask, Related searches, AI overview",informational,Organic
where can i purchase syringes,49,49,170,20,0.37,https://steroids-uk.com/shop/hgh-syringe/,0,0,0.00,1,105,"53, 26, 53, 80, 80, 53, 65, 80, 65, 80, 53, 80",2026-08-29,"Local pack, People also ask, Popular products, Related searches, AI overview",transactional,Organic
buy letrozole online,57,57,320,9,0.99,https://steroids-uk.com/shop/mono-femara-letrozole-50tabs-2-5mg-beligas-pharmaceuticals/,0,0,0.00,0.3,84,"35, 28, 54, 54, 66, 66, 35, 35, 54, 54, 54, 54",2026-07-29,"People also ask, Related searches",transactional,Organic
delta sleep peptide,16,16,480,25,0.87,https://steroids-uk.com/shop/dsip-delta-sleep-inducing-peptide-5mg-syncom-labs/,0,0,0.00,1,109,"0, 0, 0, 0, 16, 30, 55, 62, 62, 100, 0, 0",2026-07-20,"People also ask, Related searches, Discussions and forums, AI overview",informational,Organic
delta sleep peptide,35,35,480,25,0.87,https://steroids-uk.com/shop/dsip-delta-sleep-inducing-peptide-5mg-syncom-labs/,0,0,0.00,1,109,"0, 0, 0, 0, 16, 30, 55, 62, 62, 100, 0, 0",2026-07-20,"People also ask, Related searches, Discussions and forums, AI overview",informational,Organic
delta sleep peptide,67,67,480,25,0.87,https://steroids-uk.com/shop/dsip-delta-sleep-inducing-peptide-5mg-syncom-labs/,0,0,0.00,1,109,"0, 0, 0, 0, 16, 30, 55, 62, 62, 100, 0, 0",2026-07-20,"People also ask, Related searches, Discussions and forums, AI overview",informational,Organic
mastron,57,57,140,26,0.00,https://steroids-uk.com/blog/what-does-masteron-do-side-effects-dosage-and-usage-guide/,0,0,0.00,0.33,95400,"15, 34, 100, 42, 34, 34, 53, 53, 42, 65, 53, 100",2026-09-07,"Reviews, People also ask, Related searches, AI overview",informational,Organic
mastron,97,97,140,26,0.00,https://steroids-uk.com/product-category/masteron/,0,0,0.00,0.33,95400,"15, 34, 100, 42, 34, 34, 53, 53, 42, 65, 53, 100",2026-09-07,"Reviews, People also ask, Related searches, AI overview",informational,Organic
hgc for sale,47,47,110,20,0.00,https://steroids-uk.com/product-category/hcg/,0,0,0.00,0.02,79,"52, 29, 41, 41, 64, 52, 52, 100, 82, 100, 29, 52",2026-08-26,"Reviews, Video, Image, Related searches",transactional,Organic
hgc for sale,52,52,110,20,0.00,https://steroids-uk.com/product-category/hcg/,0,0,0.00,0.02,79,"52, 29, 41, 41, 64, 52, 52, 100, 82, 100, 29, 52",2026-08-26,"Reviews, Video, Image, Related searches",transactional,Organic
uksteroidsshop.com reviews,32,32,170,9,0.00,https://steroids-uk.com/reviews/,0,0,0.00,0.33,101,"2, 0, 35, 35, 29, 6, 100, 43, 43, 54, 29, 14",2026-09-11,"Sitelinks, AI overview",commercial,Organic
clen tablets price,30,30,170,19,0.00,https://steroids-uk.com/product-category/fat-loss/,0,0,0.00,0.01,61,"65, 21, 53, 100, 65, 43, 43, 81, 53, 53, 34, 43",2026-08-30,"People also ask, Related searches, AI overview",commercial,Organic
mk677 buy,49,49,260,22,0.00,https://steroids-uk.com/product-category/ibutamoren-mk-677/,0,0,0.00,0,165,"4, 68, 2, 0, 1, 5, 11, 11, 8, 7, 0, 46",2026-08-10,Related searches,transactional,Organic
buy syringes,37,0,260,22,0.79,https://steroids-uk.com/shop/hgh-syringe/,0,0,0.00,1,17800000,"81, 100, 100, 81, 81, 65, 81, 65, 81, 81, 81, 34",2026-09-12,"Knowledge panel, Local pack, Video, People also ask, Popular products, Related searches",transactional,Organic
dianabol buy online,12,12,140,28,0.74,https://steroids-uk.com/product-category/dianabol/,0,0,0.00,0.03,471000,"100, 5, 3, 1, 1, 1, 1, 1, 1, 1, 5, 5",2026-09-01,AI overview,transactional,Organic
igf 1 lr3,54,54,1300,28,0.82,https://steroids-uk.com/shop/igf1-lr3-pharmaqo/,0,0,0.00,0.89,182,"8, 20, 20, 30, 34, 30, 65, 30, 55, 44, 44, 100",2026-07-29,"Video, Video Carousel, People also ask, Related searches, Short videos, AI overview",informational,Organic
enclomiphene buy uk,56,56,210,8,1.55,https://steroids-uk.com/product-category/clomid/,0,0,0.00,1,160,"43, 35, 43, 53, 53, 53, 66, 53, 53, 100, 53, 43",2026-07-27,"People also ask, Related searches",transactional,Organic
reductil,50,50,210,22,1.69,https://steroids-uk.com/shop/sibutramin-reductil-10mg-100tabs-syncom-labs/,0,0,0.00,0.89,85,"23, 23, 29, 23, 29, 23, 15, 23, 15, 19, 15, 19",2026-09-04,"Reviews, Video, Image, People also ask, Related searches, AI overview",informational,Organic
pharmaqo anavar,19,19,140,6,0.00,https://steroids-uk.com/shop/anavar-10-pharmaqo-labs/,0,0,0.00,0.33,82000,"1, 1, 1, 1, 2, 2, 1, 3, 2, 2, 1, 1",2026-08-03,AI overview,informational,Organic
bodybuilding with gynecomastia,35,35,110,10,0.00,https://steroids-uk.com/blog/gynecomastia-in-bodybuilding/,0,0,0.00,0.01,109,"80, 0, 53, 0, 0, 53, 0, 80, 65, 100, 42, 0",2026-09-04,"Image pack, Video, Image, People also ask, Related searches, Discussions and forums, AI overview",informational,Organic
beligas pharmaceuticals,6,6,110,9,0.00,https://steroids-uk.com/product-category/manufacturers/beligas-pharmaceuticals/,0,0,0.00,0.01,70,"66, 80, 33, 14, 9, 66, 33, 66, 80, 100, 52, 14",2026-09-09,"Sitelinks, Related searches, AI overview",navigational,Organic
masterolona,70,70,260,28,0.00,https://steroids-uk.com/product-category/proviron/,0,0,0.00,0.04,129,"62, 0, 100, 0, 0, 0, 0, 0, 0, 20, 0, 0",2026-08-29,"Video, People also ask, Related searches, AI overview",informational,Organic
testosterone gel for sale,29,29,140,28,1.44,https://steroids-uk.com/shop/testo-gel/,0,0,0.00,1,95,"12, 65, 65, 53, 81, 15, 34, 28, 100, 15, 28, 34",2026-08-30,"Video, Image, People also ask, Related searches, AI overview",transactional,Organic
testosterone gel for sale,32,32,140,28,1.44,https://steroids-uk.com/shop/testo-gel/,0,0,0.00,1,95,"12, 65, 65, 53, 81, 15, 34, 28, 100, 15, 28, 34",2026-08-30,"Video, Image, People also ask, Related searches, AI overview",transactional,Organic
steroid world,25,25,170,22,0.00,https://steroids-uk.com/,0,0,0.00,0.02,93,"12, 43, 23, 17, 23, 53, 66, 100, 66, 53, 53, 53",2026-08-27,Sitelinks,navigational,Organic
anavar to buy,21,21,140,18,0.00,https://steroids-uk.com/shop/anavar-50-pharmaqo-labs/,0,0,0.00,0.33,814000,"11, 11, 9, 9, 9, 14, 11, 11, 9, 32, 14, 21",2026-07-25,AI overview,transactional,Organic
needles for peptides,29,29,210,28,0.39,https://steroids-uk.com/shop/hgh-syringe/,0,0,0.00,1,91,"8, 10, 22, 29, 22, 35, 35, 43, 43, 66, 81, 100",2026-08-25,"Video, Image, People also ask, Popular products, Related searches, AI overview",informational,Organic
uk steroids hcg,20,10,140,26,0.00,https://steroids-uk.com/shop/hcg-pharmaqolabs/,0,0,0.00,0.33,77,"0, 0, 0, 4, 100, 81, 43, 43, 29, 35, 6, 4",2026-09-12,"People also ask, Related searches",commercial,Organic
rad 140 uk,39,39,260,13,0.90,https://steroids-uk.com/shop/pharmaqo-labs-rad/,0,0,0.00,1,156,"21, 26, 21, 88, 26, 26, 21, 21, 17, 26, 21, 14",2026-08-31,"Related searches, AI overview",informational,Organic
rad 140 uk,40,40,260,13,0.90,https://steroids-uk.com/shop/pharmaqo-labs-rad/,0,0,0.00,1,156,"21, 26, 21, 88, 26, 26, 21, 21, 17, 26, 21, 14",2026-08-31,"Related searches, AI overview",informational,Organic
anvarol,14,14,170,25,1.14,https://steroids-uk.com/blog/anvarol-vs-anavar/,0,0,0.00,0.99,154,"20, 20, 16, 20, 16, 13, 8, 10, 8, 10, 10, 10",2026-08-01,"Sitelinks, Video, Related searches, AI overview",informational,Organic
supreme steriods,32,32,320,14,1.11,https://steroids-uk.com/product-category/methyldrostanolone/,0,0,0.00,0.01,135,"6, 10, 20, 13, 62, 20, 16, 20, 10, 16, 20, 13",2026-08-27,Reviews,informational,Organic
supreme steriods,39,39,320,14,1.11,https://steroids-uk.com/product-category/oral/,0,0,0.00,0.01,135,"6, 10, 20, 13, 62, 20, 16, 20, 10, 16, 20, 13",2026-08-27,Reviews,informational,Organic
supreme steriods,44,44,320,14,1.11,https://steroids-uk.com/product-category/bulking/,0,0,0.00,0.01,135,"6, 10, 20, 13, 62, 20, 16, 20, 10, 16, 20, 13",2026-08-27,Reviews,informational,Organic
toneupfuels,71,71,140,21,0.00,https://steroids-uk.com/product-category/fat-loss/,0,0,0.00,0.02,100,"9, 65, 53, 0, 0, 43, 100, 43, 65, 81, 34, 0",2026-08-31,"Sitelinks, Reviews, Video, Related searches",navigational,Organic
where can i buy clomid,25,25,90,13,1.25,https://steroids-uk.com/product-category/clomid/,0,0,0.00,0.21,98,"6, 5, 5, 5, 6, 6, 6, 8, 8, 5, 5, 5",2026-08-24,"People also ask, Related searches, AI overview","informational, transactional",Organic
mk677 for sale,39,39,390,17,0.71,https://steroids-uk.com/product-category/ibutamoren-mk-677/,0,0,0.00,1,158,"45, 24, 55, 10, 45, 45, 36, 36, 30, 16, 13, 8",2026-08-29,"Video, Image, People also ask, Related searches",transactional,Organic
muscle steroids for sale,19,19,210,28,0.48,https://steroids-uk.com/product-category/cutting/,0,0,0.00,0.26,9580000,"81, 81, 65, 28, 81, 100, 65, 65, 81, 100, 65, 81",2026-07-22,,transactional,Organic
muscle steroids for sale,33,33,210,28,0.48,https://steroids-uk.com/product-category/oral/,0,0,0.00,0.26,9580000,"81, 81, 65, 28, 81, 100, 65, 65, 81, 100, 65, 81",2026-07-22,,transactional,Organic
tren xt,19,19,90,17,0.82,https://steroids-uk.com/product-category/trenbolone/,0,0,0.00,1,163,"78, 78, 78, 78, 14, 78, 14, 14, 100, 78, 78, 78",2026-07-20,"Reviews, Related searches, AI overview",informational,Organic
mk677 liquid,71,71,110,23,0.79,https://steroids-uk.com/shop/pharmaqo-labs-mk677/,0,0,0.00,0.96,164,"52, 80, 66, 52, 52, 52, 33, 42, 33, 52, 100, 33",2026-08-24,"Video, People also ask, Related searches, AI overview",commercial,Organic
gynecomastia and bodybuilding,40,40,110,14,0.00,https://steroids-uk.com/blog/gynecomastia-in-bodybuilding/,0,0,0.00,0.01,116,"65, 0, 43, 0, 0, 43, 0, 65, 53, 81, 34, 0",2026-09-06,"Image pack, Video, Image, People also ask, Related searches, AI overview",informational,Organic
igf-1 supplements,40,40,170,19,0.93,https://steroids-uk.com/product-category/igf/,0,0,0.00,1,103,"8, 16, 10, 13, 24, 0, 13, 20, 8, 8, 13, 8",2026-08-21,"Sitelinks, Video, People also ask, Related searches, AI overview",informational,Organic
cernos gel,52,52,110,14,1.21,https://steroids-uk.com/shop/testo-gel/,0,0,0.00,0.39,76,"64, 78, 78, 78, 78, 50, 50, 50, 78, 78, 78, 78",2026-07-21,"Image pack, Image, People also ask, Related searches, AI overview",informational,Organic
igf 1 des,37,37,90,9,2.32,https://steroids-uk.com/shop/igf1-des-pharmaqo/,0,0,0.00,0.4,105,"34, 26, 53, 34, 34, 42, 53, 11, 53, 53, 53, 7",2026-08-06,"Sitelinks, Video, People also ask, Related searches, AI overview",informational,Organic
buying clomid,39,39,90,16,1.18,https://steroids-uk.com/product-category/clomid/,0,0,0.00,0.13,81,"34, 7, 3, 3, 3, 7, 15, 53, 100, 100, 42, 34",2026-07-19,"People also ask, Related searches, Discussions and forums, AI overview",commercial,Organic
sarms for sale uk,31,31,90,18,0.72,https://steroids-uk.com/product-category/sarms/,0,0,0.00,0.75,166,"34, 53, 53, 34, 11, 34, 53, 42, 42, 34, 19, 19",2026-08-18,"Video, People also ask, Related searches",transactional,Organic
tri test 400,24,24,210,7,0.00,https://steroids-uk.com/blog/test-400/,0,0,0.00,0.04,106,"65, 65, 43, 81, 65, 65, 43, 81, 65, 65, 81, 53",2026-08-18,"Video, People also ask, Related searches, AI overview",informational,Organic
tri test 400,72,72,210,7,0.00,https://steroids-uk.com/shop/supersus-400-pharmaqo-labs/,0,0,0.00,0.04,106,"65, 65, 43, 81, 65, 65, 43, 81, 65, 65, 81, 53",2026-08-18,"Video, People also ask, Related searches, AI overview",informational,Organic
purchase hcg,12,12,260,11,2.32,https://steroids-uk.com/product-category/hcg/,0,0,0.00,0.07,85,"53, 23, 35, 66, 82, 82, 100, 100, 82, 100, 53, 82",2026-08-07,"People also ask, Related searches, AI overview",informational,Organic
s23 sarm,52,52,140,19,0.00,https://steroids-uk.com/product-category/s23/,0,0,0.00,0.33,157,"5, 12, 15, 3, 3, 15, 23, 29, 19, 15, 19, 15",2026-09-08,"Image, People also ask, Related searches, AI overview",informational,Organic
adelphi research test enanthate 300,29,29,110,0,0.00,https://steroids-uk.com/shop/testosterone-enanthate-proper-labs/,0,0,0.00,0.33,104,"78, 35, 50, 50, 100, 35, 100, 100, 100, 78, 100, 100",2026-09-11,AI overview,informational,Organic
adelphi research test enanthate 300,46,46,110,0,0.00,https://steroids-uk.com/product-category/testosterone-enan/,0,0,0.00,0.33,104,"78, 35, 50, 50, 100, 35, 100, 100, 100, 78, 100, 100",2026-09-11,AI overview,informational,Organic
adelphi research test enanthate 300,69,69,110,0,0.00,https://steroids-uk.com/shop/testo-enan-300-testosterone-enanthate-syncom-labs/,0,0,0.00,0.33,104,"78, 35, 50, 50, 100, 35, 100, 100, 100, 78, 100, 100",2026-09-11,AI overview,informational,Organic
clenbuterol tablet price,27,27,140,24,0.00,https://steroids-uk.com/product-category/fat-loss/,0,0,0.00,0.02,66,"100, 82, 66, 12, 28, 7, 35, 17, 10, 35, 2, 53",2026-09-09,"Related searches, AI overview",commercial,Organic
winvar,40,40,210,4,0.37,https://steroids-uk.com/blog/bulking-or-cutting-winstrol-vs-anavar-the-ultimate-steroid-comparison/,0,0,0.00,0.33,75,"16, 5, 24, 8, 13, 13, 13, 20, 6, 10, 10, 6",2026-08-20,,informational,Organic
pharmaqo labs review,20,20,480,7,0.00,https://steroids-uk.com/product-category/manufacturers/pharmaqo-labs/,0,0,0.00,0.33,108,"54, 54, 67, 67, 54, 19, 23, 44, 81, 100, 67, 44",2026-08-14,"Related searches, AI overview",commercial,Organic
order clomid online,18,18,210,26,1.48,https://steroids-uk.com/product-category/clomid/,0,0,0.00,0.32,49,"54, 18, 14, 35, 18, 43, 54, 66, 66, 43, 43, 43",2026-09-04,"Sitelinks, People also ask, Related searches, AI overview",informational,Organic
dbols 50,39,39,140,26,1.12,https://steroids-uk.com/product-category/dianabol/,0,0,0.00,1,173,"42, 65, 65, 80, 100, 80, 26, 34, 42, 26, 34, 42",2026-09-05,"Reviews, Related searches, AI overview",informational,Organic
mk 677 for sale uk,37,37,90,12,0.68,https://steroids-uk.com/shop/pharmaqo-labs-mk677/,0,0,0.00,1,159,"15, 28, 21, 15, 34, 34, 21, 28, 21, 43, 21, 12",2026-08-05,"People also ask, Related searches",transactional,Organic
rohm anavar,46,46,110,0,0.00,https://steroids-uk.com/shop/anavar10-proper-labs/,0,0,0.00,0.33,7060,"42, 52, 52, 33, 52, 66, 33, 52, 66, 52, 52, 52",2026-08-15,AI overview,commercial,Organic
rohm anavar,75,75,110,0,0.00,https://steroids-uk.com/shop/anavar-10-pharmaqo-labs/,0,0,0.00,0.33,7060,"42, 52, 52, 33, 52, 66, 33, 52, 66, 52, 52, 52",2026-08-15,AI overview,commercial,Organic
first pct,61,61,590,15,0.00,https://steroids-uk.com/product-category/pct/,0,0,0.00,0.33,105,"20, 24, 24, 24, 30, 81, 45, 45, 24, 24, 20, 36",2026-07-29,"Related searches, AI overview",informational,Organic
first pct,71,71,590,15,0.00,https://steroids-uk.com/shop/pct-tablets-proper-labs-60tabs-102-5mg/,0,0,0.00,0.33,105,"20, 24, 24, 24, 30, 81, 45, 45, 24, 24, 20, 36",2026-07-29,"Related searches, AI overview",informational,Organic
best place to buy sarms uk,38,38,110,28,0.00,https://steroids-uk.com/product-category/sarms/,0,0,0.00,0,98,"34, 65, 42, 42, 42, 53, 65, 65, 42, 42, 26, 15",2026-08-28,AI overview,commercial,Organic
bpc 157 uk,45,45,2900,9,0.54,https://steroids-uk.com/shop/bpc-157-pharmaqo-labs-5mg/,0,0,0.00,1,186,"35, 100, 100, 66, 44, 66, 35, 29, 35, 35, 44, 35",2026-07-27,"Reviews, Video, Related searches, AI overview",informational,Organic
dianabol before and after,52,52,390,24,0.00,https://steroids-uk.com/blog/how-soon-do-you-see-results-from-dbol/,0,0,0.00,0.33,514000,"59, 59, 72, 72, 39, 48, 32, 26, 26, 39, 26, 32",2026-07-26,"Sitelinks, AI overview",informational,Organic
letrozole purchase,49,49,170,12,0.88,https://steroids-uk.com/shop/mono-femara-letrozole-50tabs-2-5mg-beligas-pharmaceuticals/,0,0,0.00,0.1,69,"28, 17, 28, 100, 43, 35, 35, 43, 53, 53, 28, 43",2026-08-21,"People also ask, Related searches, AI overview",transactional,Organic
ostavar,52,52,590,18,0.00,https://steroids-uk.com/shop/anavar-50-pharmaqo-labs/,0,0,0.00,0.33,83,"0, 0, 100, 0, 0, 0, 0, 0, 0, 0, 0, 0",2026-07-23,"Reviews, Related searches",informational,Organic
troviron,23,23,140,17,0.00,https://steroids-uk.com/product-category/proviron/,0,0,0.00,0.33,701,"1, 0, 6, 100, 0, 0, 0, 0, 0, 0, 0, 0",2026-08-05,"Image pack, Reviews, People also ask, Related searches, AI overview",informational,Organic
pro supps steroids,51,51,170,22,0.00,https://steroids-uk.com/product-category/manufacturers/proper-labs/,0,0,0.00,0.01,93,"52, 66, 80, 80, 80, 80, 80, 100, 66, 80, 66, 52",2026-08-06,"Sitelinks, Related searches",navigational,Organic
clen for sale,17,17,110,4,0.00,https://steroids-uk.com/product-category/fat-loss/,0,0,0.00,0.1,79,"18, 15, 44, 8, 11, 15, 15, 23, 11, 18, 11, 15",2026-08-27,AI overview,transactional,Organic
test and masteron cycle,18,18,110,17,0.00,https://steroids-uk.com/blog/what-does-masteron-do-side-effects-dosage-and-usage-guide/,0,0,0.00,0.33,120,"82, 82, 82, 82, 64, 82, 5, 64, 41, 64, 52, 82",2026-08-10,"Sitelinks, People also ask, Related searches, AI overview",informational,Organic
tren chocolate,74,74,140,9,0.00,https://steroids-uk.com/product-category/trenbolone/,0,0,0.00,0.33,191,"80, 26, 42, 80, 65, 53, 65, 80, 80, 80, 42, 19",2026-08-26,"Image pack, Reviews, Video, Video Carousel, People also ask, Related searches",informational,Organic
buy yohimbine uk,30,30,110,5,1.13,https://steroids-uk.com/product-category/yohambine/,0,0,0.00,1,158,"35, 29, 18, 14, 14, 22, 14, 22, 18, 22, 29, 22",2026-09-07,"Video, Related searches, AI overview",transactional,Organic
pharmacom labs,4,4,140,8,0.00,https://steroids-uk.com/blog/pharmacom/,0,0,0.00,0.14,95,"23, 80, 100, 66, 100, 66, 52, 66, 52, 52, 66, 66",2026-08-09,"Related searches, AI overview",informational,AI overview
pharmaqo labs,49,49,720,16,1.14,https://steroids-uk.com/shop/testex-c-200-pharmaqolabs/,0,0,0.00,0.05,140000,"81, 81, 55, 55, 55, 45, 36, 45, 20, 36, 36, 30",2026-08-03,AI overview,informational,Organic
pharmaqo labs,92,92,720,16,1.14,https://steroids-uk.com/,0,0,0.00,0.05,140000,"81, 81, 55, 55, 55, 45, 36, 45, 20, 36, 36, 30",2026-08-03,AI overview,informational,Organic
pct supplements,44,44,90,12,0.50,https://steroids-uk.com/product-category/pct/,0,0,0.00,0.99,178,"64, 100, 64, 78, 64, 50, 50, 28, 50, 35, 64, 35",2026-07-22,"Video, People also ask, Related searches, AI overview",informational,Organic
post cycle treatment supplements,42,42,110,15,0.71,https://steroids-uk.com/blog/post-cycle-therapy-pct-what-you-need-to-know/,0,0,0.00,1,185,"53, 26, 42, 65, 53, 26, 42, 34, 34, 42, 34, 34",2026-08-13,"People also ask, Related searches, AI overview",informational,Organic
hcg buy,19,0,260,22,2.78,https://steroids-uk.com/product-category/hcg/,0,0,0.00,0.07,74,"66, 43, 18, 81, 43, 66, 81, 81, 81, 66, 29, 66",2026-09-12,"People also ask, AI overview",transactional,Organic
pharmalabs uk,26,26,110,22,0.00,https://steroids-uk.com/product-category/manufacturers/pharmaqo-labs/,0,0,0.00,1,98,"52, 52, 80, 52, 80, 100, 42, 66, 42, 33, 33, 33",2026-08-02,"People also ask, Related searches, AI overview",informational,Organic
pharmalabs uk,36,36,110,22,0.00,https://steroids-uk.com/product-category/manufacturers/pharmaqo-labs/,0,0,0.00,1,98,"52, 52, 80, 52, 80, 100, 42, 66, 42, 33, 33, 33",2026-08-02,"People also ask, Related searches, AI overview",informational,Organic
yohimbine uk,37,37,320,13,1.13,https://steroids-uk.com/product-category/yohambine/,0,0,0.00,1,113,"54, 44, 36, 23, 36, 36, 29, 36, 36, 44, 44, 36",2026-07-31,"Video, People also ask, Related searches, AI overview",informational,Organic
pharma labs uk,43,43,390,19,1.58,https://steroids-uk.com/product-category/manufacturers/proper-labs/,0,0,0.00,0.61,100,"48, 26, 100, 39, 26, 59, 48, 32, 48, 21, 11, 21",2026-08-30,"People also ask, Related searches",informational,Organic
anavar before after,57,57,260,24,0.00,https://steroids-uk.com/blog/rapid-transformation-unveiling-impressive-anavar-results-after-just-2-weeks/,0,0,0.00,0.33,830000,"37, 11, 4, 5, 7, 13, 7, 11, 8, 11, 20, 20",2026-08-28,"Sitelinks, AI overview",informational,Organic
rad140 uk,46,0,110,28,1.23,https://steroids-uk.com/product-category/testolone-rad-140/,0,0,0.00,1,158,"6, 3, 6, 5, 10, 8, 8, 8, 10, 6, 6, 8",2026-09-12,"Video, Related searches, AI overview",commercial,Organic
clomid uk boots,58,58,260,18,0.86,https://steroids-uk.com/product-category/clomid/,0,0,0.00,0.31,87,"43, 54, 43, 43, 54, 81, 100, 100, 81, 54, 54, 29",2026-08-21,"Sitelinks, Video, People also ask, Related searches, AI overview",informational,Organic
clomid uk boots,61,61,260,18,0.86,https://steroids-uk.com/product-category/clomid/,0,0,0.00,0.31,87,"43, 54, 43, 43, 54, 81, 100, 100, 81, 54, 54, 29",2026-08-21,"Sitelinks, Video, People also ask, Related searches, AI overview",informational,Organic
test deca,28,28,140,15,0.00,https://steroids-uk.com/blog/deca-durabolin-cycle-guide/,0,0,0.00,0.2,114,"80, 80, 80, 42, 42, 34, 42, 42, 42, 42, 42, 53",2026-08-23,"People also ask, Related searches, AI overview",informational,Organic
clomid buy uk,14,14,90,14,1.39,https://steroids-uk.com/product-category/clomid/,0,0,0.00,0.18,73,"23, 33, 33, 52, 80, 33, 100, 100, 33, 23, 19, 19",2026-08-23,"People also ask, Related searches",transactional,Organic
superlean,28,28,210,28,1.23,https://steroids-uk.com/shop/super-lean-tab-pharmaqo-labs-60tabs-100mg/,0,0,0.00,0.28,109,"44, 35, 35, 54, 44, 35, 28, 11, 28, 44, 23, 15",2026-07-27,"Knowledge panel, Sitelinks, Reviews, Video, People also ask, Related searches",navigational,Organic
testosterone 400,42,42,260,5,1.30,https://steroids-uk.com/shop/testo-mix3-proper-labs/,0,0,0.00,0.25,104,"20, 30, 45, 6, 8, 16, 20, 8, 6, 10, 24, 10",2026-07-30,"People also ask, Popular products, Related searches",informational,Organic
testosterone 400,74,74,260,5,1.30,https://steroids-uk.com/shop/supersus-400-pharmaqo-labs/,0,0,0.00,0.25,104,"20, 30, 45, 6, 8, 16, 20, 8, 6, 10, 24, 10",2026-07-30,"People also ask, Popular products, Related searches",informational,Organic
testosterone 400,98,98,260,5,1.30,https://steroids-uk.com/shop/testo-mix5-proper-labs/,0,0,0.00,0.25,104,"20, 30, 45, 6, 8, 16, 20, 8, 6, 10, 24, 10",2026-07-30,"People also ask, Popular products, Related searches",informational,Organic
hcg uk,20,20,210,21,4.36,https://steroids-uk.com/product-category/hcg/,0,0,0.00,0.04,92,"43, 53, 65, 53, 53, 65, 65, 100, 53, 53, 53, 43",2026-07-30,"Video, People also ask, Related searches, AI overview",informational,Organic
hgh pens,37,37,110,25,0.00,https://steroids-uk.com/product-category/growth-hormone/,0,0,0.00,0.33,81,"28, 28, 21, 21, 21, 21, 21, 28, 81, 100, 28, 43",2026-09-06,"Video, People also ask, Related searches",commercial,Organic
mk667,46,46,1300,27,0.71,https://steroids-uk.com/shop/pharmaqo-labs-mk677/,0,0,0.00,1,191,"79, 79, 66, 54, 54, 66, 41, 41, 41, 41, 41, 30",2026-07-27,"Video, People also ask, Related searches, AI overview",informational,Organic
peptides for muscle growth uk,54,54,210,16,1.00,https://steroids-uk.com/product-category/peptides/,0,0,0.00,1,176,"28, 43, 53, 53, 81, 43, 34, 65, 100, 100, 81, 65",2026-08-03,"Sitelinks, Video, People also ask, Related searches, AI overview",informational,Organic
mk677 for sale uk,36,36,110,12,0.68,https://steroids-uk.com/product-category/ibutamoren-mk-677/,0,0,0.00,1,151,"34, 80, 65, 34, 26, 34, 42, 65, 53, 42, 26, 15",2026-08-30,"People also ask, Related searches",transactional,Organic
order hcg,18,18,260,25,2.32,https://steroids-uk.com/product-category/hcg/,0,0,0.00,0.07,76,"53, 35, 35, 17, 23, 53, 100, 100, 82, 100, 53, 82",2026-09-04,Related searches,informational,Organic
order hcg,31,31,260,25,2.32,https://steroids-uk.com/shop/hcg-pharmaqolabs/,0,0,0.00,0.07,76,"53, 35, 35, 17, 23, 53, 100, 100, 82, 100, 53, 82",2026-09-04,Related searches,informational,Organic
gelgra,51,51,320,3,1.24,https://steroids-uk.com/shop/lovegra-kamagra/,0,0,0.00,0.59,78,"0, 16, 100, 100, 45, 24, 10, 5, 3, 3, 5, 8",2026-08-29,"Video, People also ask, Related searches, AI overview",informational,Organic
pharma-labz,43,43,170,20,1.27,https://steroids-uk.com/product-category/manufacturers/proper-labs/,0,0,0.00,0.5,101,"0, 1, 1, 44, 44, 0, 12, 54, 54, 29, 23, 12",2026-08-29,"Ads bottom, Related searches",informational,Organic
liv 52 tablet,65,65,210,17,0.86,https://steroids-uk.com/shop/himalaya-liv-52/,0,0,0.00,1,134,"54, 81, 35, 18, 14, 43, 35, 54, 35, 43, 43, 43",2026-08-25,"Sitelinks, Reviews, Image, People also ask, Related searches, AI overview",informational,Organic
buy t3 online,14,14,170,7,0.56,https://steroids-uk.com/product-category/t3/,0,0,0.00,0.51,88,"21, 81, 100, 81, 34, 21, 21, 53, 65, 65, 43, 34",2026-09-02,AI overview,informational,Organic
post cycle therapy supplements,63,63,140,20,0.71,https://steroids-uk.com/product-category/pct/,0,0,0.00,1,115,"80, 80, 80, 80, 66, 52, 66, 52, 52, 66, 52, 52",2026-08-13,"People also ask, Related searches, AI overview",informational,Organic
steroid forums uk,44,44,110,28,0.00,https://steroids-uk.com/,0,0,0.00,0.33,105,"35, 28, 17, 28, 43, 43, 5, 35, 35, 35, 5, 35",2026-07-28,,informational,Organic
water for injections,62,62,210,15,0.60,https://steroids-uk.com/shop/water-injections/,0,0,0.00,1,132,"19, 23, 23, 19, 15, 19, 12, 54, 15, 23, 23, 23",2026-08-14,"Knowledge panel, Video, Image, People also ask, Popular products, Related searches, AI overview",informational,Organic
peptides bpc 157 uk,47,47,110,10,0.67,https://steroids-uk.com/shop/bpc-157-5mg-beligas-pharmaceuticals/,0,0,0.00,1,172,"42, 26, 42, 53, 34, 34, 34, 42, 42, 34, 65, 42",2026-08-20,"Video, People also ask, Related searches, AI overview",informational,Organic
buy mt2,41,41,90,0,0.63,https://steroids-uk.com/shop/mt-2-melanotan-10mg-pharmaqo-labs/,0,0,0.00,0.95,149,"52, 52, 9, 9, 9, 9, 52, 66, 66, 52, 66, 100",2026-07-21,"Video, Related searches",transactional,Organic
hcg peptide,50,50,480,16,0.00,https://steroids-uk.com/product-category/hcg/,0,0,0.00,0.01,93,"11, 17, 26, 26, 26, 32, 39, 72, 72, 88, 88, 100",2026-08-28,"Image pack, Video, Image, Related searches, AI overview",informational,Organic
letrozole buy,50,50,140,12,0.88,https://steroids-uk.com/shop/mono-femara-letrozole-50tabs-2-5mg-beligas-pharmaceuticals/,0,0,0.00,0.1,85,"8, 10, 14, 100, 22, 18, 22, 22, 29, 35, 29, 22",2026-08-06,"People also ask, Related searches",transactional,Organic
diabetic needles syringes,70,70,140,26,0.34,https://steroids-uk.com/shop/hgh-syringe/,0,0,0.00,1,132,"41, 41, 100, 82, 64, 64, 52, 82, 82, 64, 100, 82",2026-09-04,"Video, People also ask, Popular products, Related searches, AI overview",informational,Organic
enclomiphene for sale uk,65,65,90,7,2.69,https://steroids-uk.com/product-category/clomid/,0,0,0.00,1,92,"41, 52, 82, 52, 41, 41, 23, 41, 64, 52, 41, 41",2026-08-09,"People also ask, Related searches",transactional,Organic
androtest,62,62,110,8,2.26,https://steroids-uk.com/shop/testosterone-enanthate-proper-labs/,0,0,0.00,1,167,"26, 26, 34, 34, 42, 53, 42, 53, 42, 53, 65, 42",2026-08-18,"Reviews, Video, Image, People also ask, Related searches, AI overview",informational,Organic
androtest,74,74,110,8,2.26,https://steroids-uk.com/blog/top-3-the-best-testosterone-enanthate-available-in-uk/,0,0,0.00,1,167,"26, 26, 34, 34, 42, 53, 42, 53, 42, 53, 65, 42",2026-08-18,"Reviews, Video, Image, People also ask, Related searches, AI overview",informational,Organic
dunning labs uk,27,27,170,3,2.60,https://steroids-uk.com/product-category/manufacturers/proper-labs/,0,0,0.00,0.02,95,"65, 34, 53, 21, 34, 65, 65, 100, 65, 65, 43, 100",2026-08-22,"Video, Related searches",informational,Organic
sarmsstore,34,34,140,28,0.97,https://steroids-uk.com/product-category/sarms/,0,0,0.00,1,97,"81, 81, 81, 4, 4, 4, 4, 6, 8, 6, 6, 81",2026-09-03,"Sitelinks, People also ask, Related searches",navigational,Organic
sarms4u,34,34,590,22,0.60,https://steroids-uk.com/product-category/sarms/,0,0,0.00,0.75,89,"0, 0, 0, 0, 0, 0, 0, 0, 0, 0, 100, 8",2026-07-29,"Video, Related searches, AI overview",informational,Organic
buying anavar,19,19,320,13,0.93,https://steroids-uk.com/product-category/anavar/,0,0,0.00,0.01,672000,"68, 8, 2, 1, 1, 1, 1, 52, 1, 2, 2, 68",2026-08-17,AI overview,informational,Organic
supreme steroids to,34,34,170,16,0.00,https://steroids-uk.com/product-category/methyldrostanolone/,0,0,0.00,0.01,65,"17, 28, 28, 35, 28, 35, 35, 100, 66, 43, 53, 35",2026-08-29,Reviews,commercial,Organic
peptide needles,34,34,390,29,0.34,https://steroids-uk.com/shop/hgh-syringe/,0,0,0.00,1,101,"5, 19, 29, 19, 23, 36, 29, 54, 54, 100, 81, 81",2026-08-05,"Video, Image, People also ask, Popular products, Related searches",informational,Organic
buy chlomid,22,22,90,18,1.18,https://steroids-uk.com/product-category/clomid/,0,0,0.00,0.13,83,"7, 26, 3, 3, 3, 3, 15, 53, 65, 100, 65, 34",2026-07-19,"People also ask, Related searches",transactional,Organic
stenabolic,64,64,260,28,0.85,https://steroids-uk.com/product-category/stenabolic-sr9009/,0,0,0.00,0.92,170,"81, 81, 66, 66, 54, 43, 43, 43, 66, 43, 43, 54",2026-07-29,"Video, Image, People also ask, Related searches, AI overview",informational,Organic
buy liothyronine uk,28,28,140,9,0.85,https://steroids-uk.com/product-category/t3/,0,0,0.00,0.33,82,"3, 44, 6, 18, 11, 11, 15, 44, 44, 44, 18, 18",2026-08-26,AI overview,informational,Organic
prednisolone buy uk,59,59,90,13,0.99,https://steroids-uk.com/product-category/oral/,0,0,0.00,0.25,83,"5, 6, 5, 4, 4, 3, 5, 5, 10, 10, 5, 5",2026-07-20,"People also ask, Related searches",transactional,Organic
deca and sus cycle,22,22,110,16,0.00,https://steroids-uk.com/blog/deca-durabolin-cycle-guide/,0,0,0.00,0.33,123,"82, 100, 64, 41, 64, 100, 82, 52, 52, 82, 52, 29",2026-07-21,"Sitelinks, People also ask, Related searches",informational,Organic
pharmacom,15,15,140,8,0.00,https://steroids-uk.com/blog/pharmacom/,0,0,0.00,0.04,81,"43, 53, 53, 34, 43, 53, 43, 43, 34, 65, 53, 43",2026-08-31,"Related searches, AI overview",informational,Organic
uk steroids shop review,45,45,390,29,0.00,https://steroids-uk.com/reviews/,0,0,0.00,0.02,3070000,"36, 30, 30, 30, 30, 45, 24, 20, 30, 24, 30, 24",2026-09-01,AI overview,commercial,Organic
uk steroids shop review,91,91,390,29,0.00,https://steroids-uk.com/faq/,0,0,0.00,0.02,3070000,"36, 30, 30, 30, 30, 45, 24, 20, 30, 24, 30, 24",2026-09-01,AI overview,commercial,Organic
buy clomid online uk,18,18,210,18,1.33,https://steroids-uk.com/product-category/clomid/,0,0,0.00,0.37,77,"35, 35, 23, 44, 28, 44, 54, 54, 44, 35, 23, 44",2026-08-10,"People also ask, Related searches",transactional,Organic
anadrol gyno,48,48,110,24,0.00,https://steroids-uk.com/product-category/anadrol-buy/,0,0,0.00,0,105,"100, 80, 66, 66, 52, 42, 33, 66, 52, 33, 4, 42",2026-08-20,"People also ask, Related searches, AI overview",informational,Organic
anadrol gyno,92,92,110,24,0.00,https://steroids-uk.com/shop/anadrol50-proper-labs/,0,0,0.00,0,105,"100, 80, 66, 66, 52, 42, 33, 66, 52, 33, 4, 42",2026-08-20,"People also ask, Related searches, AI overview",informational,Organic
anadrol gyno,96,96,110,24,0.00,https://steroids-uk.com/shop/anadrol-pharmaqo-labs/,0,0,0.00,0,105,"100, 80, 66, 66, 52, 42, 33, 66, 52, 33, 4, 42",2026-08-20,"People also ask, Related searches, AI overview",informational,Organic
cardarine for sale,27,27,170,23,0.00,https://steroids-uk.com/product-category/cardarine-gw-501516/,0,0,0.00,0,147,"80, 100, 80, 53, 65, 80, 65, 65, 80, 65, 53, 65",2026-09-04,"Video, People also ask, Related searches",transactional,Organic
test and deca cycle,20,20,210,13,0.00,https://steroids-uk.com/blog/deca-durabolin-cycle-guide/,0,0,0.00,0.33,1900000,"28, 35, 44, 28, 28, 35, 35, 44, 35, 44, 28, 44",2026-07-22,"Image, People also ask, Related searches, AI overview",informational,Organic
where to buy clomid uk,13,13,140,17,1.22,https://steroids-uk.com/product-category/clomid/,0,0,0.00,0.22,83,"42, 42, 65, 42, 26, 26, 34, 53, 80, 65, 53, 65",2026-08-06,"People also ask, Related searches",transactional,Organic
primo dose,56,56,110,14,0.00,https://steroids-uk.com/product-category/primobol/,0,0,0.00,0.33,109,"80, 52, 33, 42, 33, 42, 33, 42, 66, 66, 52, 52",2026-07-29,"Related searches, AI overview",informational,Organic
primo dose,77,77,110,14,0.00,https://steroids-uk.com/shop/primobolan-proper-labs/,0,0,0.00,0.33,109,"80, 52, 33, 42, 33, 42, 33, 42, 66, 66, 52, 52",2026-07-29,"Related searches, AI overview",informational,Organic
mt 2,45,44,480,27,0.80,https://steroids-uk.com/shop/mt-2-melanotan-10mg-pharmaqo-labs/,0,0,0.00,0.74,116,"23, 36, 12, 15, 67, 54, 100, 81, 44, 67, 81, 44",2026-09-12,"Image pack, Video, Video Carousel, People also ask, Related searches, AI overview",informational,Organic
steds n meds,29,29,210,16,0.00,https://steroids-uk.com/shop/needles-syringes/,0,0,0.00,0.01,97,"82, 82, 82, 53, 100, 66, 100, 28, 23, 23, 17, 12",2026-08-27,,commercial,Organic
where to buy clomid,13,13,90,23,1.25,https://steroids-uk.com/product-category/clomid/,0,0,0.00,0.21,56,"23, 17, 17, 23, 23, 23, 23, 23, 28, 17, 17, 17",2026-09-04,"People also ask, Related searches, AI overview","informational, transactional",Organic
mk677 uk,44,44,1600,18,0.00,https://steroids-uk.com/shop/pharmaqo-labs-mk677/,0,0,0.00,0,98,"8, 44, 23, 19, 35, 29, 10, 19, 12, 8, 8, 7",2026-08-14,"People also ask, Related searches",informational,Organic
mk 677 uk,45,45,720,15,0.00,https://steroids-uk.com/product-category/ibutamoren-mk-677/,0,0,0.00,0,167,"5, 65, 7, 55, 100, 7, 11, 13, 11, 8, 5, 0",2026-08-05,"People also ask, Related searches",commercial,Organic
buy peptides online uk,43,43,90,27,0.77,https://steroids-uk.com/product-category/peptides/,0,0,0.00,1,166,"9, 14, 9, 42, 23, 66, 42, 9, 9, 66, 100, 80",2026-07-20,"Video, People also ask, Related searches",transactional,Organic
enclomiphene uk,65,65,1600,13,3.18,https://steroids-uk.com/product-category/clomid/,0,0,0.00,1,95,"20, 20, 27, 36, 44, 44, 36, 100, 44, 44, 36, 27",2026-09-11,"Video, People also ask, Related searches, AI overview",informational,Organic
adelphi research test enanthate 300 review,33,33,110,0,0.00,https://steroids-uk.com/blog/top-3-the-best-testosterone-enanthate-available-in-uk/,0,0,0.00,0.33,108,"100, 100, 100, 100, 100, 78, 78, 28, 50, 50, 50, 35",2026-08-06,"Reviews, People also ask, Related searches, AI overview",commercial,Organic
igf 1 supplements,39,39,210,23,0.93,https://steroids-uk.com/product-category/igf/,0,0,0.00,1,111,"10, 24, 20, 10, 10, 13, 20, 20, 13, 13, 6, 13",2026-08-27,"Image pack, Sitelinks, Video, People also ask, Related searches, AI overview",informational,Organic
rad 140 for sale,18,18,90,18,0.61,https://steroids-uk.com/product-category/testolone-rad-140/,0,0,0.00,1,67,"14, 10, 8, 14, 14, 4, 8, 22, 35, 29, 29, 29",2026-07-21,"Popular products, Related searches",transactional,Organic
clomifene tablets,79,79,320,29,0.00,https://steroids-uk.com/product-category/clomid/,0,0,0.00,0,113,"13, 13, 13, 11, 7, 8, 7, 8, 8, 8, 8, 8",2026-08-08,"Image pack, Video, Image, People also ask, Related searches, AI overview",informational,Organic
liquid mk677,69,69,90,13,0.59,https://steroids-uk.com/product-category/ibutamoren-mk-677/,0,0,0.00,0.93,174,"6, 66, 8, 5, 8, 3, 5, 44, 1, 23, 15, 3",2026-07-21,"Video, People also ask, Related searches",commercial,Organic
top rated pct,51,51,90,23,1.14,https://steroids-uk.com/product-category/pct/,0,0,0.00,1,163,"66, 33, 52, 52, 66, 19, 42, 33, 33, 33, 42, 33",2026-08-19,"Sitelinks, Video, People also ask, Related searches, AI overview","commercial, informational",Organic
ephedrine uk,51,51,140,13,0.00,https://steroids-uk.com/shop/synephrin-ephderine-50mg-100caps-syncom-labs/,0,0,0.00,0.66,86,"17, 14, 17, 11, 14, 17, 11, 21, 11, 11, 11, 14",2026-08-10,AI overview,informational,Organic
dihydroboldenone,36,36,170,26,0.00,https://steroids-uk.com/shop/dhb-100-dihydroboldenone-syncom-labs/,0,0,0.00,0.01,58500,"100, 80, 66, 52, 66, 66, 100, 100, 52, 66, 80, 80",2026-08-10,AI overview,informational,Organic
dihydroboldenone,59,59,170,26,0.00,https://steroids-uk.com/shop/dhb-1-testosterone-cypionate-test-cyp-dhb-pharmaqo-labs/,0,0,0.00,0.01,58500,"100, 80, 66, 52, 66, 66, 100, 100, 52, 66, 80, 80",2026-08-10,AI overview,informational,Organic
mk677 uk buy,40,40,110,9,0.00,https://steroids-uk.com/product-category/ibutamoren-mk-677/,0,0,0.00,0,160,"0, 1, 0, 0, 100, 0, 3, 3, 1, 1, 1, 0",2026-07-30,"People also ask, Related searches",transactional,Organic
supreme steroids.to,36,36,170,16,0.00,https://steroids-uk.com/product-category/methyldrostanolone/,0,0,0.00,0.01,67,"29, 18, 43, 43, 35, 29, 8, 0, 81, 100, 10, 54",2026-08-24,,informational,Organic
supreme steroids.to,42,42,170,16,0.00,https://steroids-uk.com/,0,0,0.00,0.01,67,"29, 18, 43, 43, 35, 29, 8, 0, 81, 100, 10, 54",2026-08-24,,informational,Organic
letrozole cost,60,60,140,28,0.00,https://steroids-uk.com/shop/mono-femara-letrozole-50tabs-2-5mg-beligas-pharmaceuticals/,0,0,0.00,0.01,77,"42, 52, 52, 100, 52, 66, 66, 66, 66, 80, 80, 52",2026-07-31,"People also ask, Related searches, AI overview","informational, transactional",Organic
dianabol before after,45,45,140,22,0.00,https://steroids-uk.com/blog/how-soon-do-you-see-results-from-dbol/,0,0,0.00,0.01,392000,"36, 19, 4, 23, 19, 23, 23, 36, 23, 12, 9, 15",2026-08-01,"Sitelinks, AI overview",informational,Organic
dianabol before after,53,53,140,22,0.00,https://steroids-uk.com/blog/how-soon-do-you-see-results-from-dbol/,0,0,0.00,0.01,392000,"36, 19, 4, 23, 19, 23, 23, 36, 23, 12, 9, 15",2026-08-01,"Sitelinks, AI overview",informational,Organic
clomid tablets,66,66,1300,28,1.37,https://steroids-uk.com/product-category/clomid/,0,0,0.00,0.14,111,"81, 81, 81, 81, 100, 81, 62, 81, 62, 55, 62, 62",2026-08-23,"Image pack, Video, Image, People also ask, Related searches, AI overview",informational,Organic
lipomax uk,45,45,390,28,0.97,https://steroids-uk.com/product-category/fat-loss/,0,0,0.00,1,162,"0, 13, 76, 100, 30, 6, 2, 1, 1, 10, 30, 55",2026-08-28,"Reviews, Video, People also ask, Related searches",informational,Organic
test deca cycle,21,21,110,22,0.00,https://steroids-uk.com/blog/deca-durabolin-cycle-guide/,0,0,0.00,0.33,1220000,"35, 18, 22, 22, 29, 18, 18, 29, 22, 22, 18, 22",2026-09-09,AI overview,informational,Organic
lipoease uk,52,52,140,20,0.78,https://steroids-uk.com/product-category/fat-loss/,0,0,0.00,0.9,104,"2, 100, 72, 0, 0, 0, 0, 0, 0, 0, 0, 0",2026-08-29,"People also ask, Related searches, AI overview",informational,Organic
liv 52 tablets,61,61,260,18,0.86,https://steroids-uk.com/shop/himalaya-liv-52/,0,0,0.00,1,120,"28, 54, 35, 35, 54, 54, 44, 54, 44, 35, 28, 66",2026-08-09,"Reviews, Video, Image, People also ask, Related searches, AI overview",informational,Organic
cobra oral jelly,32,0,110,8,0.00,https://steroids-uk.com/shop/shopkamagra-jelly/,0,0,0.00,0.63,53,"80, 100, 66, 100, 66, 52, 33, 19, 23, 23, 23, 33",2026-09-12,"Image pack, Video, People also ask, Related searches, AI overview",informational,Organic
evolution pharma,79,79,140,7,3.20,https://steroids-uk.com/shop/evotropin-100iu/,0,0,0.00,0.04,104,"42, 26, 19, 42, 34, 42, 80, 65, 53, 42, 100, 42",2026-09-08,"Related searches, AI overview",informational,Organic
peptides bodybuilding uk,34,34,110,28,0.78,https://steroids-uk.com/product-category/peptides/,0,0,0.00,1,159,"42, 42, 66, 100, 66, 33, 33, 33, 52, 66, 42, 52",2026-08-29,"Video, People also ask, Related searches, AI overview",informational,Organic
yohimbine buy uk,30,30,90,4,1.13,https://steroids-uk.com/product-category/yohambine/,0,0,0.00,1,155,"35, 15, 11, 8, 11, 11, 11, 15, 11, 15, 18, 11",2026-09-03,"Video, Related searches",transactional,Organic
buy hcg online,14,14,140,15,2.56,https://steroids-uk.com/product-category/hcg/,0,0,0.00,0.14,94,"1, 2, 8, 5, 4, 7, 11, 11, 7, 7, 5, 7",2026-08-17,Related searches,transactional,Organic
proper labs,13,13,140,14,0.63,https://steroids-uk.com/shop/power-proper-labs/,0,0,0.00,0.04,108000,"43, 34, 28, 21, 34, 43, 34, 43, 43, 65, 43, 53",2026-09-09,AI overview,informational,Organic
proper labs,20,20,140,14,0.63,https://steroids-uk.com/shop/testosterone-enanthate-proper-labs/,0,0,0.00,0.04,108000,"43, 34, 28, 21, 34, 43, 34, 43, 43, 65, 43, 53",2026-09-09,AI overview,informational,Organic
proper labs,25,25,140,14,0.63,https://steroids-uk.com/shop/testosterone-cypionate-proper-labs/,0,0,0.00,0.04,108000,"43, 34, 28, 21, 34, 43, 34, 43, 43, 65, 43, 53",2026-09-09,AI overview,informational,Organic
proper labs,28,28,140,14,0.63,https://steroids-uk.com/shop/t3-proper-labs/,0,0,0.00,0.04,108000,"43, 34, 28, 21, 34, 43, 34, 43, 43, 65, 43, 53",2026-09-09,AI overview,informational,Organic
himalaya liv 52,60,60,210,16,1.11,https://steroids-uk.com/shop/himalaya-liv-52/,0,0,0.00,1,191,"81, 100, 81, 53, 65, 65, 43, 65, 28, 65, 53, 53",2026-09-04,AI overview,informational,Organic
testogel online,38,38,210,28,2.58,https://steroids-uk.com/product-category/testosterone-gel/,0,0,0.00,0.99,100,"29, 54, 43, 54, 54, 54, 54, 43, 43, 54, 22, 22",2026-08-17,"Video, People also ask, Related searches",informational,Organic
purchase clomid online,22,22,260,22,1.48,https://steroids-uk.com/product-category/clomid/,0,0,0.00,0.32,54,"43, 14, 22, 100, 66, 66, 66, 66, 29, 81, 43, 66",2026-09-04,"Related searches, AI overview",informational,Organic
uk steroids shop,58,58,1600,28,1.27,https://steroids-uk.com/product-category/bulking/,0,0,0.00,0.02,9530000,"36, 36, 54, 22, 29, 54, 36, 16, 29, 43, 29, 54",2026-07-31,,commercial,Organic
uk steroids shop,99,99,1600,28,1.27,https://steroids-uk.com/product-category/oral/,0,0,0.00,0.02,9530000,"36, 36, 54, 22, 29, 54, 36, 16, 29, 43, 29, 54",2026-07-31,,commercial,Organic
bpc 157 for sale,40,40,90,16,0.77,https://steroids-uk.com/shop/bpc-157-pharmaqo-labs-5mg/,0,0,0.00,0.99,170,"41, 41, 100, 82, 82, 11, 11, 82, 82, 82, 64, 29",2026-08-04,"Video, People also ask, Related searches, AI overview",transactional,Organic
order clomid online uk,18,18,140,16,1.07,https://steroids-uk.com/product-category/clomid/,0,0,0.00,0.22,78,"42, 80, 53, 42, 15, 34, 34, 65, 80, 100, 80, 42",2026-07-22,"Sitelinks, People also ask, Related searches, AI overview",commercial,Organic
liv 52 himalaya,63,63,90,9,0.92,https://steroids-uk.com/shop/himalaya-liv-52/,0,0,0.00,1,196,"29, 41, 41, 64, 64, 82, 41, 64, 100, 29, 41, 5",2026-07-28,"Image pack, Reviews, Video, People also ask, Related searches, AI overview",informational,Organic
where can i buy t3 medication,24,24,170,11,0.57,https://steroids-uk.com/product-category/t3/,0,0,0.00,1,92,"3, 3, 5, 4, 3, 4, 4, 7, 8, 8, 11, 8",2026-08-20,"Sitelinks, People also ask, Related searches, AI overview",informational,Organic
where to buy insulin needles,46,46,110,22,0.44,https://steroids-uk.com/shop/hgh-syringe/,0,0,0.00,0.95,107,"78, 50, 100, 78, 50, 50, 35, 100, 78, 100, 100, 100",2026-08-18,"Local pack, Video, People also ask, Popular products, Related searches, AI overview",transactional,Organic
buy clomid online,23,23,390,28,1.48,https://steroids-uk.com/product-category/clomid/,0,0,0.00,0.32,75,"36, 23, 19, 54, 44, 54, 67, 67, 54, 54, 44, 44",2026-08-10,"People also ask, Related searches",transactional,Organic
test 400 vs test e,13,13,110,9,0.00,https://steroids-uk.com/blog/test-400/,0,0,0.00,0.33,124,"100, 66, 66, 80, 66, 33, 33, 66, 52, 52, 14, 14",2026-08-28,"Sitelinks, Video, People also ask, Related searches, AI overview",commercial,Organic
test 400 vs test e,49,49,110,9,0.00,https://steroids-uk.com/shop/tri-test-400-spharmaqo-labs/,0,0,0.00,0.33,124,"100, 66, 66, 80, 66, 33, 33, 66, 52, 52, 14, 14",2026-08-28,"Sitelinks, Video, People also ask, Related searches, AI overview",commercial,Organic
test suspension,59,59,260,28,1.93,https://steroids-uk.com/shop/tri-test-400-spharmaqo-labs/,0,0,0.00,0.09,89,"29, 23, 29, 29, 36, 19, 23, 19, 19, 23, 54, 44",2026-08-24,"Sitelinks, Video, People also ask, Related searches, AI overview",informational,Organic
test suspension,64,64,260,28,1.93,https://steroids-uk.com/shop/testex-c-200-pharmaqolabs/,0,0,0.00,0.09,89,"29, 23, 29, 29, 36, 19, 23, 19, 19, 23, 54, 44",2026-08-24,"Sitelinks, Video, People also ask, Related searches, AI overview",informational,Organic
test suspension,70,70,260,28,1.93,https://steroids-uk.com/shop/supersus-400-pharmaqo-labs/,0,0,0.00,0.09,89,"29, 23, 29, 29, 36, 19, 23, 19, 19, 23, 54, 44",2026-08-24,"Sitelinks, Video, People also ask, Related searches, AI overview",informational,Organic
test suspension,74,74,260,28,1.93,https://steroids-uk.com/shop/testosterone-cypionate-proper-labs/,0,0,0.00,0.09,89,"29, 23, 29, 29, 36, 19, 23, 19, 19, 23, 54, 44",2026-08-24,"Sitelinks, Video, People also ask, Related searches, AI overview",informational,Organic
test suspension,77,77,260,28,1.93,https://steroids-uk.com/shop/testo-mix3-proper-labs/,0,0,0.00,0.09,89,"29, 23, 29, 29, 36, 19, 23, 19, 19, 23, 54, 44",2026-08-24,"Sitelinks, Video, People also ask, Related searches, AI overview",informational,Organic
test suspension,80,80,260,28,1.93,https://steroids-uk.com/product-category/testosterone-enan/,0,0,0.00,0.09,89,"29, 23, 29, 29, 36, 19, 23, 19, 19, 23, 54, 44",2026-08-24,"Sitelinks, Video, People also ask, Related searches, AI overview",informational,Organic
anavar buy uk,20,20,590,26,0.00,https://steroids-uk.com/shop/anavar-50-pharmaqo-labs/,0,0,0.00,0.33,457000,"36, 45, 36, 36, 30, 36, 55, 30, 30, 30, 45, 45",2026-07-25,AI overview,transactional,Organic
igf lr3,57,57,260,23,0.80,https://steroids-uk.com/shop/igf1-lr3-pharmaqo/,0,0,0.00,0.97,149,"29, 43, 43, 54, 43, 54, 43, 54, 29, 66, 100, 81",2026-08-12,"Video, Video Carousel, People also ask, Related searches, AI overview",informational,Organic
oralsonly,36,36,320,23,0.00,https://steroids-uk.com/product-category/oral/,0,0,0.00,0.33,87,"100, 81, 66, 44, 66, 44, 54, 44, 35, 35, 28, 54",2026-08-17,,informational,Organic
carderine,50,50,260,28,1.03,https://steroids-uk.com/blog/unlocking-optimal-results-the-ultimate-guide-to-cardarine-dosage/,0,0,0.00,0.03,4840,"28, 18, 8, 44, 100, 66, 15, 15, 66, 18, 100, 3",2026-09-06,"Image pack, People also ask, Related searches, AI overview",informational,Organic
carderine,75,75,260,28,1.03,https://steroids-uk.com/product-category/cardarine-gw-501516/,0,0,0.00,0.03,4840,"28, 18, 8, 44, 100, 66, 15, 15, 66, 18, 100, 3",2026-09-06,"Image pack, People also ask, Related searches, AI overview",informational,Organic
yohimbine hcl uk,32,32,140,9,1.08,https://steroids-uk.com/product-category/yohambine/,0,0,0.00,1,82,"2, 2, 2, 1, 0, 1, 0, 1, 1, 1, 1, 2",2026-09-06,"People also ask, Related searches",informational,Organic
clomid cost,29,29,110,28,1.04,https://steroids-uk.com/product-category/clomid/,0,0,0.00,0.13,70,"4, 10, 14, 100, 29, 14, 14, 22, 14, 18, 14, 14",2026-08-05,"People also ask, Related searches, AI overview",informational,Organic
clomid cost,40,40,110,28,1.04,https://steroids-uk.com/product-category/clomid/,0,0,0.00,0.13,70,"4, 10, 14, 100, 29, 14, 14, 22, 14, 18, 14, 14",2026-08-05,"People also ask, Related searches, AI overview",informational,Organic
where to buy insulin syringesin person,50,50,110,18,0.00,https://steroids-uk.com/shop/hgh-syringe/,0,0,0.00,0,105,"100, 0, 0, 0, 0, 0, 0, 0",2026-08-13,"Sitelinks, People also ask, Related searches, AI overview",informational,Organic
t bolin,53,0,720,28,0.00,https://steroids-uk.com/product-category/turinabol/,0,0,0.00,0.33,100,"3, 10, 20, 24, 20, 36, 16, 20, 100, 24, 41, 30",2026-09-12,"Video, Video Carousel, People also ask, Related searches, AI overview",informational,Organic
test fx,57,57,110,14,0.00,https://steroids-uk.com/shop/tri-test-400-spharmaqo-labs/,0,0,0.00,0.99,78,"65, 100, 65, 34, 42, 65, 42, 65, 0, 15, 19, 3",2026-08-20,"Reviews, Video, People also ask, Related searches, AI overview",informational,Organic
buy prednisone uk,62,62,210,11,1.42,https://steroids-uk.com/product-category/oral/,0,0,0.00,0.38,86,"36, 15, 12, 15, 36, 29, 19, 66, 23, 29, 19, 15",2026-08-04,"People also ask, Related searches, AI overview",transactional,Organic
supremesteriods,45,45,210,26,1.11,https://steroids-uk.com/,0,0,0.00,0.01,87,"4, 5, 5, 0, 100, 1, 1, 2, 1, 2, 2, 3",2026-09-07,Related searches,informational,Organic
pharmaq,51,51,140,22,0.00,https://steroids-uk.com/product-category/manufacturers/pharmaqo-labs/,0,0,0.00,0.01,109,"82, 82, 82, 82, 82, 82, 52, 82, 82, 64, 82, 82",2026-08-07,"Knowledge panel, Sitelinks, People also ask, Related searches",navigational,Organic
where to purchase anavar,21,21,140,29,0.00,https://steroids-uk.com/shop/anavar-10-pharmaqo-labs/,0,0,0.00,0.33,256000,"53, 26, 42, 65, 65, 53, 53, 80, 53, 100, 53, 65",2026-09-03,"Local pack, AI overview",transactional,Organic
roacutan 20 mg,64,0,140,26,0.89,https://steroids-uk.com/shop/roaccutan-isotretinoin-20mg-100caps-syncom-labs/,0,0,0.00,0.86,113,"64, 64, 82, 100, 100, 64, 64, 64, 82, 64, 64, 82",2026-09-12,"Image pack, Video, Image, People also ask, Related searches, AI overview",informational,Organic
san t3,55,55,140,9,0.00,https://steroids-uk.com/product-category/t3/,0,0,0.00,0.71,172,"100, 1, 1, 1, 1, 1, 1, 1, 1, 1, 1, 1",2026-08-13,"Knowledge panel, Reviews, Image, AI overview",informational,Organic
susteron,77,77,90,23,1.98,https://steroids-uk.com/product-category/sustanon/,0,0,0.00,0.02,9740,"0, 0, 0, 0, 0, 0, 39, 0, 0, 72, 1, 0",2026-08-22,"Video, People also ask, Related searches, AI overview",informational,Organic
gynecomastia in bodybuilding,41,41,110,28,0.00,https://steroids-uk.com/blog/gynecomastia-in-bodybuilding/,0,0,0.00,0.01,118,"53, 0, 35, 0, 0, 35, 0, 53, 43, 66, 28, 0",2026-09-06,"Image pack, Sitelinks, Video, Image, People also ask, Related searches, AI overview",informational,Organic
400 test,34,34,90,7,1.51,https://steroids-uk.com/shop/tri-test-400-spharmaqo-labs/,0,0,0.00,0.34,170,"0, 0, 0, 0, 0, 0, 0, 0, 0, 0, 76, 0",2026-07-19,"Sitelinks, People also ask, Related searches",informational,Organic
400 test,63,63,90,7,1.51,https://steroids-uk.com/shop/supersus-400-pharmaqo-labs/,0,0,0.00,0.34,170,"0, 0, 0, 0, 0, 0, 0, 0, 0, 0, 76, 0",2026-07-19,"Sitelinks, People also ask, Related searches",informational,Organic
400 test,70,70,90,7,1.51,https://steroids-uk.com/shop/testo-mix3-proper-labs/,0,0,0.00,0.34,170,"0, 0, 0, 0, 0, 0, 0, 0, 0, 0, 76, 0",2026-07-19,"Sitelinks, People also ask, Related searches",informational,Organic
steroid testing kit,47,47,110,22,0.49,https://steroids-uk.com/shop/tri-test-400-spharmaqo-labs/,0,0,0.00,1,114,"52, 64, 64, 82, 100, 82, 41, 52, 82, 64, 29, 41",2026-08-09,"Image, People also ask, Popular products, Related searches, AI overview",informational,Organic
buy clenbuterol,17,17,260,9,1.28,https://steroids-uk.com/product-category/fat-loss/,0,0,0.00,0.22,69,"5, 10, 10, 8, 5, 3, 3, 3, 2, 7, 7, 7",2026-09-02,Related searches,transactional,Organic
mk 677 for sale,42,42,210,16,0.71,https://steroids-uk.com/product-category/ibutamoren-mk-677/,0,0,0.00,1,148,"8, 36, 8, 45, 6, 6, 16, 20, 20, 6, 8, 16",2026-08-26,"Video, People also ask, Related searches",transactional,Organic
buy igf-1 lr3,38,38,110,22,0.81,https://steroids-uk.com/shop/igf1-lr3-pharmaqo/,0,0,0.00,1,157,"6, 100, 66, 18, 8, 4, 4, 4, 10, 14, 14, 22",2026-08-28,"Video, Related searches, AI overview",transactional,Organic
t3 supplements,66,66,170,29,0.45,https://steroids-uk.com/product-category/t3/,0,0,0.00,1,103,"6, 28, 23, 3, 3, 11, 100, 18, 35, 23, 35, 23",2026-08-11,"Video, People also ask, Related searches, AI overview",informational,Organic
critical labs uk,41,41,260,12,4.23,https://steroids-uk.com/product-category/manufacturers/pharmaqo-labs/,0,0,0.00,0.03,105,"0, 2, 5, 2, 6, 9, 36, 100, 54, 54, 29, 100",2026-08-17,"Video, People also ask, Related searches",commercial,Organic
buy t3 online uk,18,18,170,9,0.57,https://steroids-uk.com/product-category/t3/,0,0,0.00,0.9,100,"9, 65, 53, 28, 43, 43, 65, 65, 34, 34, 81, 100",2026-08-19,AI overview,informational,Organic
liv52,62,62,320,15,1.08,https://steroids-uk.com/shop/himalaya-liv-52/,0,0,0.00,1,205,"44, 44, 81, 23, 44, 44, 36, 54, 54, 54, 29, 36",2026-08-05,"Video, People also ask, Related searches, AI overview",informational,Organic
liv 52,60,60,1000,12,1.08,https://steroids-uk.com/shop/himalaya-liv-52/,0,0,0.00,1,203,"76, 100, 76, 76, 76, 76, 67, 100, 76, 67, 55, 55",2026-08-02,"Video, People also ask, Related searches, AI overview",informational,Organic
anavar vs dianabol,53,53,260,24,0.00,https://steroids-uk.com/blog/anvarol-vs-anavar/,0,0,0.00,0.33,444000,"81, 81, 53, 34, 65, 100, 81, 65, 43, 100, 100, 53",2026-08-27,AI overview,commercial,Organic
mk-677 buy online,47,47,140,21,0.00,https://steroids-uk.com/product-category/ibutamoren-mk-677/,0,0,0.00,0,157,"5, 8, 0, 1, 0, 5, 8, 8, 100, 3, 0, 0",2026-08-21,"Video, Related searches",transactional,Organic
lovegra,18,18,480,21,0.00,https://steroids-uk.com/shop/lovegra-kamagra/,0,0,0.00,0.15,56,"35, 35, 28, 100, 100, 100, 100, 100, 100, 100, 81, 100",2026-07-20,"Reviews, People also ask, Related searches, AI overview",informational,Organic
sea lions fat metaboliser,30,30,260,24,0.95,https://steroids-uk.com/product-category/fat-loss/,0,0,0.00,1,153,"44, 100, 66, 44, 100, 35, 18, 28, 28, 44, 35, 23",2026-09-05,"Image pack, Reviews, People also ask, Related searches, AI overview",informational,Organic
best hgh brand for bodybuilding,47,47,110,22,0.00,https://steroids-uk.com/product-category/growth-hormone/,0,0,0.00,0.28,84,"29, 64, 64, 82, 100, 82, 100, 64, 64, 52, 64, 64",2026-08-22,"Sitelinks, Video, People also ask, Related searches",commercial,Organic
sarms uk,39,39,2400,28,0.90,https://steroids-uk.com/product-category/sarms/,0,0,0.00,1,97,"36, 54, 44, 44, 36, 7, 16, 8, 8, 13, 13, 13",2026-08-04,"Sitelinks, Related searches",navigational,Organic
buy dianobol,16,16,140,5,0.98,https://steroids-uk.com/shop/dianabol-proper-labs/,0,0,0.00,0.05,438000,"29, 35, 29, 29, 35, 35, 22, 35, 22, 22, 18, 29",2026-09-05,AI overview,transactional,Organic
fenbuterol,62,62,170,16,0.00,https://steroids-uk.com/product-category/clenbuterol/,0,0,0.00,0,599,"0, 0, 0, 0, 0, 0, 100, 0, 0, 16, 6, 0",2026-08-06,"Video, AI overview",informational,Organic
pharmacore,76,76,170,14,2.82,https://steroids-uk.com/product-category/manufacturers/pharmaqo-labs/,0,0,0.00,0.01,92,"29, 22, 18, 22, 66, 54, 54, 35, 22, 18, 22, 29",2026-08-28,"Knowledge panel, Image pack, Video, People also ask, Related searches",informational,Organic
eq ratio,46,46,110,19,0.00,https://steroids-uk.com/shop/eq-test-500mg-pharmaqo-labs/,0,0,0.00,0.33,102,"34, 26, 42, 65, 65, 53, 42, 53, 42, 65, 7, 7",2026-08-26,"Image pack, Video, Video Carousel, People also ask, Related searches, AI overview",informational,Organic
eq ratio,54,54,110,19,0.00,https://steroids-uk.com/shop/eq-test-500mg-pharmaqo-labs/,0,0,0.00,0.33,102,"34, 26, 42, 65, 65, 53, 42, 53, 42, 65, 7, 7",2026-08-26,"Image pack, Video, Video Carousel, People also ask, Related searches, AI overview",informational,Organic
anavar uk for sale,12,12,110,20,0.00,https://steroids-uk.com/product-category/anavar/,0,0,0.00,0.01,121000,"3, 26, 42, 7, 11, 11, 53, 80, 65, 100, 65, 80",2026-09-03,AI overview,informational,Organic
anavar uk for sale,23,23,110,20,0.00,https://steroids-uk.com/shop/anavar-10-pharmaqo-labs/,0,0,0.00,0.01,121000,"3, 26, 42, 7, 11, 11, 53, 80, 65, 100, 65, 80",2026-09-03,AI overview,informational,Organic
npp meaning,37,37,170,28,0.00,https://steroids-uk.com/blog/what-is-npp-steroid-profile-side-effects-and-usage-guide/,0,0,0.00,0.33,109,"53, 65, 53, 80, 80, 80, 65, 65, 53, 65, 65, 65",2026-09-02,"Sitelinks, Video, People also ask, Related searches, AI overview",informational,Organic
npp meaning,79,79,170,28,0.00,https://steroids-uk.com/product-category/npp/,0,0,0.00,0.33,109,"53, 65, 53, 80, 80, 80, 65, 65, 53, 65, 65, 65",2026-09-02,"Sitelinks, Video, People also ask, Related searches, AI overview",informational,Organic
npp meaning,86,86,170,28,0.00,https://steroids-uk.com/shop/npp-nandrolone-phenylpropionate-100mg-beligas-pharmaceuticals/,0,0,0.00,0.33,109,"53, 65, 53, 80, 80, 80, 65, 65, 53, 65, 65, 65",2026-09-02,"Sitelinks, Video, People also ask, Related searches, AI overview",informational,Organic
clomid tablet price,32,32,260,11,0.91,https://steroids-uk.com/product-category/clomid/,0,0,0.00,0.15,78,"43, 53, 53, 53, 66, 82, 100, 100, 66, 43, 28, 28",2026-08-12,"People also ask, Related searches, AI overview",transactional,Organic
peptide syringes,34,34,210,21,0.39,https://steroids-uk.com/product-category/needles-syringes/,0,0,0.00,1,93,"7, 12, 43, 23, 28, 43, 35, 82, 66, 82, 100, 100",2026-08-25,"Image pack, Video, Image, People also ask, Popular products, Related searches",informational,Organic
order anavar,17,17,210,3,0.93,https://steroids-uk.com/product-category/anavar/,0,0,0.00,0.01,490000,"68, 3, 1, 1, 1, 1, 1, 52, 1, 1, 1, 2",2026-08-02,AI overview,commercial,Organic
hgh london,47,47,170,23,0.00,https://steroids-uk.com/product-category/growth-hormone/,0,0,0.00,0.33,107,"6, 53, 65, 65, 65, 81, 81, 100, 65, 65, 34, 12",2026-08-09,"Knowledge panel, Sitelinks, People also ask, Related searches",navigational,Organic
hgh london,60,60,170,23,0.00,https://steroids-uk.com/product-category/growth-hormone/,0,0,0.00,0.33,107,"6, 53, 65, 65, 65, 81, 81, 100, 65, 65, 34, 12",2026-08-09,"Knowledge panel, Sitelinks, People also ask, Related searches",navigational,Organic
buy hcg 5000 iu uk,13,13,140,9,1.78,https://steroids-uk.com/product-category/hcg/,0,0,0.00,0.07,96,"5, 28, 35, 23, 23, 53, 43, 53, 35, 28, 17, 35",2026-08-11,Related searches,transactional,Organic
ralvo,65,65,110,18,0.00,https://steroids-uk.com/shop/raloxifene-50tabs-20mg-beligas-pharmaceuticals/,0,0,0.00,0.01,95,"22, 29, 29, 22, 18, 14, 54, 14, 14, 14, 14, 14",2026-08-29,"Image pack, Reviews, People also ask, Related searches, AI overview",informational,Organic
lipotrim uk,81,81,210,6,1.34,https://steroids-uk.com/product-category/fat-loss/,0,0,0.00,1,172,"43, 54, 54, 35, 29, 35, 35, 54, 43, 54, 54, 43",2026-08-25,"Reviews, Video, People also ask, Related searches, AI overview",informational,Organic
peptiology uk,37,37,260,27,1.67,https://steroids-uk.com/product-category/peptides/,0,0,0.00,0.36,101,"0, 0, 0, 1, 3, 6, 100, 20, 16, 36, 16, 30",2026-08-12,"Sitelinks, People also ask, Related searches","navigational, transactional",Organic
purchase clomid,22,22,110,24,1.29,https://steroids-uk.com/product-category/clomid/,0,0,0.00,0.24,76,"10, 10, 10, 53, 35, 17, 23, 35, 28, 23, 43, 28",2026-08-02,"Sitelinks, People also ask, Related searches, Discussions and forums, AI overview",informational,Organic
eroids uk,29,29,1000,23,0.00,https://steroids-uk.com/product-category/oral/,0,0,0.00,0.01,100,"24, 20, 100, 44, 36, 36, 24, 24, 20, 10, 10, 27",2026-07-30,"Sitelinks, People also ask, Related searches",navigational,Organic
eroids uk,32,32,1000,23,0.00,https://steroids-uk.com/product-category/steroids-warehouse-uk/,0,0,0.00,0.01,100,"24, 20, 100, 44, 36, 36, 24, 24, 20, 10, 10, 27",2026-07-30,"Sitelinks, People also ask, Related searches",navigational,Organic
uk sarms,37,37,4400,21,0.00,https://steroids-uk.com/product-category/sarms/,0,0,0.00,0.41,0,"54, 35, 29, 54, 54, 54, 81, 81, 35, 54, 7, 100",2026-09-05,"Sitelinks, Related searches","commercial, navigational",Organic
nolva,45,45,140,28,0.00,https://steroids-uk.com/product-category/nolvadex/,0,0,0.00,0.02,391000,"0, 0, 2, 0, 0, 20, 13, 20, 13, 8, 2, 1",2026-08-23,"Image pack, Video, People also ask, Related searches, AI overview",informational,Organic
ibutamoren uk,52,52,210,15,0.85,https://steroids-uk.com/product-category/ibutamoren-mk-677/,0,0,0.00,1,158,"13, 13, 8, 16, 25, 13, 16, 8, 7, 8, 7, 7",2026-08-02,"Video, People also ask, Related searches, AI overview",informational,Organic
igf des,34,34,140,10,2.32,https://steroids-uk.com/shop/igf1-des-pharmaqo/,0,0,0.00,0.4,64,"42, 42, 52, 33, 42, 52, 66, 80, 100, 100, 66, 66",2026-08-18,"Image pack, Video, People also ask, Related searches, AI overview",informational,Organic
anabol testo,65,65,170,14,0.00,https://steroids-uk.com/product-category/testosterones/,0,0,0.00,0.3,166,"66, 66, 66, 53, 43, 28, 23, 28, 23, 35, 17, 28",2026-08-24,"Image pack, Reviews, People also ask, Related searches, AI overview",informational,Organic
test and deca,22,22,170,20,0.00,https://steroids-uk.com/blog/deca-durabolin-cycle-guide/,0,0,0.00,0.2,113,"65, 80, 65, 65, 53, 53, 42, 65, 65, 65, 65, 65",2026-08-12,"Sitelinks, People also ask, Related searches, AI overview",informational,Organic
peptides in uk,55,55,90,23,0.68,https://steroids-uk.com/product-category/peptides/,0,0,0.00,1,134,"11, 11, 17, 23, 23, 29, 41, 82, 82, 82, 82, 100",2026-07-21,"Local pack, Video, People also ask, Related searches, AI overview",commercial,Organic
where can you buy clomid,24,24,90,23,1.25,https://steroids-uk.com/product-category/clomid/,0,0,0.00,0.21,77,"42, 26, 26, 42, 34, 34, 34, 34, 42, 26, 26, 26",2026-08-03,"People also ask, Related searches, AI overview","informational, transactional",Organic
